Name;Currency;Market Cap;CDP;FTSE4Good;MSCI ESG Ratings;Moody's ESG Solution;Sustainalytics;Type;Sub type;Market;ISIN Code;Industry;SuperSector;Sector;Subsector;Carbon footprint (total GHG emissions / enterprise value)_in_USD;Share of women in total workforce in %;Rate of resignation in %
ACCOR;EUR;9510000000.0;;;;;;Stock;Ordinary Shares;Euronext Paris;FR0000120404;40, Consumer Discretionary;4050, Travel and Leisure;405010, Travel and Leisure;40501025, Hotels and Motels;572.6319;;
AIR LIQUIDE;EUR;97870000000.0;;;;;;Stock;Ordinary Shares;Euronext Paris;FR0000120073;55, Basic Materials;5520, Chemicals;552010, Chemicals;55201020, Specialty Chemicals;;0.28;0.086
AIRBUS SE;EUR;126686000000.0;;;;;;Stock;Ordinary Shares;Euronext Paris;NL0000235190;50, Industrials;5020, Industrial Goods and Services;502010, Aerospace and Defense;50201010, Aerospace;;0.2;
ARCELORMITTAL SA;EUR;20050000000.0;;;;;;Stock;Ordinary Shares;Euronext Amsterdam;LU1598757687;55, Basic Materials;5510, Basic Resources;551020, Industrial Metals and Mining;55102010, Iron and Steel;3373.201;;
AXA;EUR;75961000000.0;;;;;;Stock;Ordinary Shares;Euronext Paris;FR0000120628;30, Financials;3030, Insurance;303020, Non-life Insurance;30302010, Full Line Insurance;2.7178;;0.1
BNP PARIBAS ACT.A;EUR;73611000000.0;;;;;;Stock;Ordinary Shares;Euronext Paris;FR0000131104;30, Financials;3010, Banks;301010, Banks;30101010, Banks;;0.51;
BOUYGUES;EUR;13714000000.0;;;;;;Stock;Ordinary Shares;Euronext Paris;FR0000120503;50, Industrials;5010, Construction and Materials;501010, Construction and Materials;50101010, Construction;767.1686000000001;;
CAPGEMINI;EUR;34936000000.0;;;;;;Stock;Ordinary Shares;Euronext Paris;FR0000125338;10, Technology;1010, Technology;101010, Software and Computer Services;10101010, Computer Services;23.668400000000002;0.38799999999999996;
CARREFOUR;EUR;11064000000.0;;;;;;Stock;Ordinary Shares;Euronext Paris;FR0000120172;45, Consumer Staples;4520, Personal Care, Drug and Grocery Stores;452010, Personal Care, Drug and Grocery Stores;45201010, Food Retailers and Wholesalers;;0.55;0.158
CREDIT AGRICOLE;EUR;41349000000.0;B;;;;22.7;Stock;Ordinary Shares;Euronext Paris;FR0000045072;30, Financials;3010, Banks;301010, Banks;30101010, Banks;;0.522;0.04
DANONE;EUR;39677000000.0;;;;;;Stock;Ordinary Shares;Euronext Paris;FR0000120644;45, Consumer Staples;4510, Food, Beverage and Tobacco;451020, Food Producers;45102020, Food Products;;;
DASSAULT SYSTEMES;EUR;51275000000.0;B;;;;;Stock;Ordinary Shares;Euronext Paris;FR0014003TT8;10, Technology;1010, Technology;101010, Software and Computer Services;10101015, Software;3.915023;0.281;
EDENRED;EUR;11172000000.0;;3.7/5;;;16.8;Stock;Ordinary Shares;Euronext Paris;FR0010908533;50, Industrials;5020, Industrial Goods and Services;502050, Industrial Support Services;50205015, Transaction Processing Services;6.591200000000001;0.52;
ENGIE;EUR;38307000000.0;;;;;;Stock;Ordinary Shares;Euronext Paris;FR0010208488;65, Utilities;6510, Utilities;651020, Gas, Water and Multi-utilities;65102000, Multi-utilities;1848.9386000000002;0.265;0.054000000000000006
ESSILORLUXOTTICA;EUR;91314000000.0;;;;;;Stock;Ordinary Shares;Euronext Paris;FR0000121667;20, Health Care;2010, Health Care;201020, Medical Equipment and Services;20102015, Medical Supplies;14.0384;0.6;
EUROFINS SCIENT.;EUR;11370000000.0;;;;;;Stock;Ordinary Shares;Euronext Paris;FR0014000MR3;20, Health Care;2010, Health Care;201020, Medical Equipment and Services;20102020, Medical Services;34.143914;0.57;
HERMES INTL;EUR;247244000000.0;;;;;Negligible risk |9.2;Stock;Ordinary Shares;Euronext Paris;FR0000052292;40, Consumer Discretionary;4020, Consumer Products and Services;402040, Personal Goods;40204020, Clothing and Accessories;;0.67;
KERING;EUR;42086000000.0;;;AAA;73/100;;Stock;Ordinary Shares;Euronext Paris;FR0000121485;40, Consumer Discretionary;4020, Consumer Products and Services;402040, Personal Goods;40204020, Clothing and Accessories;42.4362;0.63;
L'OREAL;EUR;223649000000.0;;;;;;Stock;Ordinary Shares;Euronext Paris;FR0000120321;40, Consumer Discretionary;4020, Consumer Products and Services;402040, Personal Goods;40204035, Cosmetics;49.284200000000006;0.68;
LEGRAND;EUR;24919000000.0;;;;;;Stock;Ordinary Shares;Euronext Paris;FR0010307819;50, Industrials;5020, Industrial Goods and Services;502020, Electronic and Electrical Equipment;50202010, Electrical Components;468.1464;;0.066
LVMH;EUR;403126000000.0;AAA;4/5;A;68/100;Low risk;Stock;Ordinary Shares;Euronext Paris;FR0000121014;40, Consumer Discretionary;4020, Consumer Products and Services;402040, Personal Goods;40204020, Clothing and Accessories;2.0116;0.71;0.165
MICHELIN;EUR;24595000000.0;;;;;;Stock;Ordinary Shares;Euronext Paris;FR001400AJ45;40, Consumer Discretionary;4010, Automobiles and Parts;401010, Automobiles and Parts;40101015, Tires;;0.19899999999999998;0.054299999999999994
ORANGE;EUR;28090000000.0;;;;;;Stock;Ordinary Shares;Euronext Paris;FR0000133308;15, Telecommunications;1510, Telecommunications;151020, Telecommunications Service Providers;15102015, Telecommunications Services;0.0;0.36200000000000004;0.043
PERNOD RICARD;EUR;36249000000.0;;;;;;Stock;Ordinary Shares;Euronext Paris;FR0000120693;45, Consumer Staples;4510, Food, Beverage and Tobacco;451010, Beverages;45101015, Distillers and Vintners;81.447116;0.4;0.085
PUBLICIS GROUPE SA;EUR;25787000000.0;;;;;;Stock;Ordinary Shares;Euronext Paris;FR0000130577;40, Consumer Discretionary;4030, Media;403010, Media;40301020, Media Agencies;11.3955;0.513;
RENAULT;EUR;14280000000.0;;;;;;Stock;Ordinary Shares;Euronext Paris;FR0000131906;40, Consumer Discretionary;4010, Automobiles and Parts;401010, Automobiles and Parts;40101020, Automobiles;1273.5033;0.22;
SAFRAN;EUR;88315000000.0;;;;;;Stock;Ordinary Shares;Euronext Paris;FR0000073272;50, Industrials;5020, Industrial Goods and Services;502010, Aerospace and Defense;50201010, Aerospace;0.0;0.293;0.077
SAINT GOBAIN;EUR;35999000000.0;;;;;;Stock;Ordinary Shares;Euronext Paris;FR0000125007;50, Industrials;5010, Construction and Materials;501010, Construction and Materials;50101035, Building Materials: Other;867.6416;0.237;0.086
SANOFI;EUR;109000000000.0;;;;;;Stock;Ordinary Shares;Euronext Paris;FR0000120578;20, Health Care;2010, Health Care;201030, Pharmaceuticals and Biotechnology;20103015, Pharmaceuticals;;;
SCHNEIDER ELECTRIC SE;EUR;120009000000.0;;;;;;Stock;Ordinary Shares;Euronext Paris;FR0000121972;50, Industrials;5020, Industrial Goods and Services;502020, Electronic and Electrical Equipment;50202010, Electrical Components;763.2417;0.33;0.0852
SOCIETE GENERALE;EUR;19400000000.0;;;;;;Stock;Ordinary Shares;Euronext Paris;FR0000130809;30, Financials;3010, Banks;301010, Banks;30101010, Banks;;;
STELLANTIS NV;EUR;76772000000.0;;;;;;Stock;Ordinary Shares;Euronext Paris;NL00150001Q9;40, Consumer Discretionary;4010, Automobiles and Parts;401010, Automobiles and Parts;40101020, Automobiles;6858.244394;;
STMICROELECTRONICS;EUR;34665000000.0;;;;;;Stock;Ordinary Shares;Euronext Paris;NL0000226223;10, Technology;1010, Technology;101020, Technology Hardware and Equipment;10102010, Semiconductors;27.9849;;
TELEPERFORMANCE;EUR;5483000000.0;;;;;;Stock;Ordinary Shares;Euronext Paris;FR0000051807;50, Industrials;5020, Industrial Goods and Services;502050, Industrial Support Services;50205020, Professional Business Support Services;25.5623;;
THALES;EUR;33024000000.0;;;;;;Stock;Ordinary Shares;Euronext Paris;FR0000121329;50, Industrials;5020, Industrial Goods and Services;502010, Aerospace and Defense;50201020, Defense;;;
TOTALENERGIES;EUR;161494000000.0;;;;;;Stock;Ordinary Shares;Euronext Paris;FR0000120271;60, Energy;6010, Energy;601010, Oil, Gas and Coal;60101000, Integrated Oil and Gas;1880.7629;0.363;0.091
UNIBAIL-RODAMCO-WESTFIELD;EUR;10278000000.0;;;;;5.8 / Negligible Risk;Stock;Ordinary Shares;Euronext Paris;FR0013326246;35, Real Estate;3510, Real Estate;351020, Real Estate Investment Trusts;35102045, Retail REITs;80.6352;0.542;0.094
VEOLIA ENVIRON.;EUR;20268000000.0;;;;;;Stock;Ordinary Shares;Euronext Paris;FR0000124141;65, Utilities;6510, Utilities;651020, Gas, Water and Multi-utilities;65102030, Water;1396.880613;0.223;0.086
VINCI;EUR;66209999999.99999;;;;;;Stock;Ordinary Shares;Euronext Paris;FR0000125486;50, Industrials;5010, Construction and Materials;501010, Construction and Materials;50101010, Construction;468.4781;0.168;0.10400000000000001
VIVENDI SE;EUR;10058000000.0;;;;;;Stock;Ordinary Shares;Euronext Paris;FR0000127771;40, Consumer Discretionary;4030, Media;403010, Media;40301035, Radio and TV Broadcasters;10.645216000000001;0.54;0.52
ABN AMRO BANK N.V.;EUR;7569000000.0;;;;;;Stock;Cooperative Investment Certificate;Euronext Amsterdam;NL0011540547;30, Financials;3010, Banks;301010, Banks;30101010, Banks;;;
ADYEN;EUR;44546000000.0;;;;;;Stock;Ordinary Shares;Euronext Amsterdam;NL0012969182;50, Industrials;5020, Industrial Goods and Services;502050, Industrial Support Services;50205015, Transaction Processing Services;1.5515;0.38;
AEGON;EUR;10090000000.0;;;;;;Stock;Ordinary Shares;Euronext Amsterdam;BMG0112X1056;30, Financials;3030, Insurance;303010, Life Insurance;30301010, Life Insurance;1.4017000000000002;0.51;0.1
KONINKLIJKE AHOLD DELHAIZE N.V.;EUR;25453000000.0;;;AAA;;26.2;Stock;Ordinary Shares;Euronext Amsterdam;NL0011794037;45, Consumer Staples;4520, Personal Care, Drug and Grocery Stores;452010, Personal Care, Drug and Grocery Stores;45201010, Food Retailers and Wholesalers;0.0;0.52;
AKZO NOBEL;EUR;11208000000.0;;;;;;Stock;Ordinary Shares;Euronext Amsterdam;NL0013267909;55, Basic Materials;5520, Chemicals;552010, Chemicals;55201020, Specialty Chemicals;;0.27;0.07
ARCELORMITTAL SA;EUR;20050000000.0;;;;;;Stock;Ordinary Shares;Euronext Amsterdam;LU1598757687;55, Basic Materials;5510, Basic Resources;551020, Industrial Metals and Mining;55102010, Iron and Steel;3373.201;;
ASM International N.V.;EUR;28678000000.0;;;;;;Stock;Ordinary Shares;Euronext Amsterdam;NL0000334118;10, Technology;1010, Technology;101020, Technology Hardware and Equipment;10102020, Production Technology Equipment;0.0;0.17;0.062
ASML HOLDING;EUR;340606000000.0;;;;;;Stock;Ordinary Shares;Euronext Amsterdam;NL0010273215;10, Technology;1010, Technology;101020, Technology Hardware and Equipment;10102020, Production Technology Equipment;57.618109000000004;0.2;
ASR NEDERLAND;EUR;9499000000.0;;;;;;Stock;Ordinary Shares;Euronext Amsterdam;NL0011872643;30, Financials;3030, Insurance;303020, Non-life Insurance;30302010, Full Line Insurance;;;
BE Semiconductor Industries N.V.;EUR;11551000000.0;;;;;15.2;Stock;Ordinary Shares;Euronext Amsterdam;NL0012866412;10, Technology;1010, Technology;101020, Technology Hardware and Equipment;10102010, Semiconductors;1.4017000000000002;0.17;
DSM FIRMENICH AG;EUR;26993000000.0;;;;;;Stock;Ordinary Shares;Euronext Amsterdam;CH1216478797;45, Consumer Staples;4510, Food, Beverage and Tobacco;451020, Food Producers;45102020, Food Products;;0.37;0.036000000000000004
EXOR;EUR;22275000000.0;;;;;;Stock;Ordinary Shares;Euronext Amsterdam;NL0012059018;30, Financials;3020, Financial Services;302020, Investment Banking and Brokerage Services;30202000, Diversified Financial Services;0.030174;0.5;
HEINEKEN;EUR;50204000000.0;;;;;;Stock;Ordinary Shares;Euronext Amsterdam;NL0000009165;45, Consumer Staples;4510, Food, Beverage and Tobacco;451010, Beverages;45101010, Brewers;224.93754;0.24;
IMCD;EUR;8711000000.0;;;;;;Stock;Ordinary Shares;Euronext Amsterdam;NL0010801007;55, Basic Materials;5520, Chemicals;552010, Chemicals;55201020, Specialty Chemicals;38.8624;0.54;
ING GROEP N.V.;EUR;49306000000.0;;;;;;Stock;Ordinary Shares;Euronext Amsterdam;NL0011821202;30, Financials;3010, Banks;301010, Banks;30101010, Banks;;;
KPN KON;EUR;13334000000.0;;;;;;Stock;Ordinary Shares;Euronext Amsterdam;NL0000009082;15, Telecommunications;1510, Telecommunications;151020, Telecommunications Service Providers;15102015, Telecommunications Services;48.42445500000001;0.221;
NN GROUP;EUR;12036000000.0;;;;;;Stock;Ordinary Shares;Euronext Amsterdam;NL0010773842;30, Financials;3030, Insurance;303010, Life Insurance;30301010, Life Insurance;0.39590000000000003;0.5;
KON.PHILIPS N.V.;EUR;17302000000.0;;;;;;Stock;Ordinary Shares;Euronext Amsterdam;NL0000009538;20, Health Care;2010, Health Care;201020, Medical Equipment and Services;20102010, Medical Equipment;;;
PROSUS;EUR;73392000000.0;;;;;;Stock;Ordinary Shares;Euronext Amsterdam;NL0013654783;10, Technology;1010, Technology;101010, Software and Computer Services;10101020, Consumer Digital Services;0.2568;0.429;
Randstad N.V.;EUR;8519000000.0;;;;;;Stock;Ordinary Shares;Euronext Amsterdam;NL0000379121;50, Industrials;5020, Industrial Goods and Services;502050, Industrial Support Services;50205025, Business Training and Employment Agencies;21.701205;0.67;
RELX;EUR;74032000000.0;;;;;;Stock;Ordinary Shares;Euronext Amsterdam;GB00B2B0DG97;40, Consumer Discretionary;4030, Media;403010, Media;40301030, Publishing;1.063125;0.5;0.084
SHELL PLC;EUR;218753000000.0;;;;;;Stock;Ordinary Shares;Euronext Amsterdam;GB00BP6MXD84;60, Energy;6010, Energy;601010, Oil, Gas and Coal;60101000, Integrated Oil and Gas;4267.5616;0.33;0.05
UNIVERSAL MUSIC GROUP;EUR;49171000000.0;;;;;;Stock;Ordinary Shares;Euronext Amsterdam;NL0015000IY2;40, Consumer Discretionary;4030, Media;403010, Media;40301010, Entertainment;;;
UNILEVER PLC;EUR;115564000000.0;;;;;;Stock;Ordinary Shares;Euronext Amsterdam;GB00B10RZP78;45, Consumer Staples;4520, Personal Care, Drug and Grocery Stores;452010, Personal Care, Drug and Grocery Stores;45201020, Personal Products;0.0;0.36;
WOLTERS KLUWER;EUR;35078000000.0;;;;;;Stock;Ordinary Shares;Euronext Amsterdam;NL0000395903;40, Consumer Discretionary;4030, Media;403010, Media;40301030, Publishing;;;
AB INBEV;EUR;96797000000.0;;;;;;Stock;Ordinary Shares;Euronext Brussels;BE0974293251;45, Consumer Staples;4510, Food, Beverage and Tobacco;451010, Beverages;45101010, Brewers;142.249;0.22;
ACKERMANS V.HAAREN;EUR;5236000000.0;;;;;7.9;Stock;Ordinary Shares;Euronext Brussels;BE0003764785;30, Financials;3020, Financial Services;302020, Investment Banking and Brokerage Services;30202000, Diversified Financial Services;0.032100000000000004;0.449;
AEDIFICA;EUR;2727000000.0;;;;;;Stock;Ordinary Shares;Euronext Brussels;BE0003851681;35, Real Estate;3510, Real Estate;351020, Real Estate Investment Trusts;35102010, Health Care REITs;9.412255;0.37189999999999995;
AGEAS;EUR;8041000000.0;;;;;;Stock;Ordinary Shares;Euronext Brussels;BE0974264930;30, Financials;3030, Insurance;303010, Life Insurance;30301010, Life Insurance;;;
ARGENX SE;EUR;20207000000.0;;;;;;Stock;Ordinary Shares;Euronext Brussels;NL0010832176;20, Health Care;2010, Health Care;201030, Pharmaceuticals and Biotechnology;20103010, Biotechnology;;0.63;0.042699999999999995
COFINIMMO;EUR;2281000000.0;B;;AA;;11.2 (low risk);Stock;Ordinary Shares;Euronext Brussels;BE0003593044;35, Real Estate;3510, Real Estate;351020, Real Estate Investment Trusts;35102010, Health Care REITs;9.63;0.53;
D'IETEREN GROUP;EUR;10903000000.0;;;;;11.3;Stock;Ordinary Shares;Euronext Brussels;BE0974259880;40, Consumer Discretionary;4010, Automobiles and Parts;401010, Automobiles and Parts;40101010, Auto Services;8.504788000000001;0.5;
ELIA GROUP;EUR;6738000000.0;;;;;;Stock;Ordinary Shares;Euronext Brussels;BE0003822393;65, Utilities;6510, Utilities;651010, Electricity;65101015, Conventional Electricity;186.233607;0.22899999999999998;
GALAPAGOS;EUR;1804000000.0;;;;;;Stock;Ordinary Shares;Euronext Amsterdam;BE0003818359;20, Health Care;2010, Health Care;201030, Pharmaceuticals and Biotechnology;20103010, Biotechnology;17.7513;0.56;0.12
GBL;EUR;10086000000.0;;;;;9.2;Stock;Ordinary Shares;Euronext Brussels;BE0003797140;30, Financials;3020, Financial Services;302020, Investment Banking and Brokerage Services;30202000, Diversified Financial Services;140334.656094;0.71;
KBC;EUR;28644000000.0;;;;;;Stock;Ordinary Shares;Euronext Brussels;BE0003565737;30, Financials;3010, Banks;301010, Banks;30101010, Banks;;0.57;
LOTUS BAKERIES;EUR;7238000000.0;;;;;;Stock;Ordinary Shares;Euronext Brussels;BE0003604155;45, Consumer Staples;4510, Food, Beverage and Tobacco;451020, Food Producers;45102020, Food Products;;0.51;
MELEXIS;EUR;2941000000.0;;;;;;Stock;Ordinary Shares;Euronext Brussels;BE0165385973;10, Technology;1010, Technology;101020, Technology Hardware and Equipment;10102010, Semiconductors;;;
SOFINA;EUR;7234000000.0;;;;;;Stock;Ordinary Shares;Euronext Brussels;BE0003717312;30, Financials;3020, Financial Services;302020, Investment Banking and Brokerage Services;30202010, Asset Managers and Custodians;;;
SOLVAY;EUR;3155000000.0;;;;;;Stock;Ordinary Shares;Euronext Brussels;BE0003470755;55, Basic Materials;5520, Chemicals;552010, Chemicals;55201000, Chemicals: Diversified;2835.035727;0.24;
SYENSQO;EUR;9271000000.0;;;;;;Stock;Ordinary Shares;Euronext Brussels;BE0974464977;55, Basic Materials;5510, Basic Resources;551010, Industrial Materials;55101000, Diversified Materials;;;
UCB;EUR;23321000000.0;;;;;;Stock;Ordinary Shares;Euronext Brussels;BE0003739530;20, Health Care;2010, Health Care;201030, Pharmaceuticals and Biotechnology;20103015, Pharmaceuticals;5.912071;0.5112;0.054000000000000006
UMICORE;EUR;5234000000.0;;;;;;Stock;Ordinary Shares;Euronext Brussels;BE0974320526;55, Basic Materials;5520, Chemicals;552010, Chemicals;55201020, Specialty Chemicals;879.528016;0.2345;0.0653
WAREHOUSES DE PAUW;EUR;5433000000.0;B;;;;;Stock;Ordinary Shares;Euronext Brussels;BE0974349814;35, Real Estate;3510, Real Estate;351020, Real Estate Investment Trusts;35102020, Industrial REITs;32.335507;0.43;0.02
ALTRI SGPS;EUR;1022999999.9999999;A-;;;;;Stock;Ordinary Shares;Euronext Lisbon;PTALT0AE0002;55, Basic Materials;5510, Basic Resources;551010, Industrial Materials;55101015, Paper;281.28224200000005;0.18;
B.C.P.-BCO COMERCIAL PORTUGUES;;;;;;;;Stock;Ordinary Shares;Euronext Lisbon;PTBCP0AM0015;30, Financials;3010, Banks;301010, Banks;30101010, Banks;;0.55;
Corticeira Amorim-SGPS;EUR;1286000000.0;;;;;;Stock;Ordinary Shares;Euronext Lisbon;PTCOR0AE0006;50, Industrials;5020, Industrial Goods and Services;502030, General Industrials;50203030, Containers and Packaging;179.590405;0.26;
CTT-CORREIOS DE PORTUGAL, SA;EUR;640422000.0;;;;;;Stock;Ordinary Shares;Euronext Lisbon;PTCTT0AM0001;50, Industrials;5020, Industrial Goods and Services;502060, Industrial Transportation;50206040, Delivery Services;20.6938;0.39;
EDP;EUR;15033000000.0;;;;;19.4 (Low risk);Stock;Ordinary Shares;Euronext Lisbon;PTEDP0AM0009;65, Utilities;6510, Utilities;651010, Electricity;65101010, Alternative Electricity;301.6116;0.29;0.057999999999999996
EDP RENOVAVEIS;EUR;13097000000.0;;;;;16.2 (Low Risk);Stock;Ordinary Shares;Euronext Lisbon;ES0127797019;65, Utilities;6510, Utilities;651010, Electricity;65101010, Alternative Electricity;91.90230000000001;0.34;0.142
GALP ENERGIA-NOM;EUR;11515000000.0;;;;;;Stock;Ordinary Shares;Euronext Lisbon;PTGAL0AM0009;60, Energy;6010, Energy;601010, Oil, Gas and Coal;60101000, Integrated Oil and Gas;;0.45;
GREENVOLT ENERGIAS RENOVAVEIS S.A.;EUR;1155000000.0;;;;;;Stock;Ordinary Shares;Euronext Lisbon;PTGNV0AM0001;65, Utilities;6510, Utilities;651010, Electricity;65101010, Alternative Electricity;33.420915;0.4;
Ibersol-SGPS;EUR;295670000.0;;;;;;Stock;Ordinary Shares;Euronext Lisbon;PTIBS0AM0008;40, Consumer Discretionary;4050, Travel and Leisure;405010, Travel and Leisure;40501040, Restaurants and Bars;31.717475;0.53;
J.MARTINS,SGPS;EUR;11151000000.0;;;;;;Stock;Ordinary Shares;Euronext Lisbon;PTJMT0AE0001;45, Consumer Staples;4520, Personal Care, Drug and Grocery Stores;452010, Personal Care, Drug and Grocery Stores;45201010, Food Retailers and Wholesalers;1766.3470120000002;0.7595999999999999;
MOTA ENGIL;EUR;1301000000.0;;;;;;Stock;Ordinary Shares;Euronext Lisbon;PTMEN0AE0005;50, Industrials;5010, Construction and Materials;501010, Construction and Materials;50101010, Construction;1403.5832;0.14;
NOS, SGPS, SA;EUR;1849000000.0;;;;;;Stock;Ordinary Shares;Euronext Lisbon;PTZON0AM0006;15, Telecommunications;1510, Telecommunications;151020, Telecommunications Service Providers;15102015, Telecommunications Services;0.1391;0.40880000000000005;
REN;EUR;1468000000.0;;;;;;Stock;Ordinary Shares;Euronext Lisbon;PTREL0AM0008;65, Utilities;6510, Utilities;651010, Electricity;65101015, Conventional Electricity;66.331761;0.253;
SEMAPA;EUR;1224000000.0;;;;;;Stock;Ordinary Shares;Euronext Lisbon;PTSEM0AM0004;55, Basic Materials;5510, Basic Resources;551010, Industrial Materials;55101015, Paper;;0.159;
SONAE;EUR;1746000000.0;;;;;19;Stock;Ordinary Shares;Euronext Lisbon;PTSON0AM0001;45, Consumer Staples;4520, Personal Care, Drug and Grocery Stores;452010, Personal Care, Drug and Grocery Stores;45201010, Food Retailers and Wholesalers;1172.878253;0.66;0.25
THE NAVIGATOR COMP;EUR;2809000000.0;;;;;;Stock;Ordinary Shares;Euronext Lisbon;PTPTI0AM0006;55, Basic Materials;5510, Basic Resources;551010, Industrial Materials;55101015, Paper;831.3153140000001;0.1705;
AIB GROUP PLC;EUR;13041000000.0;;;;;;Stock;Ordinary Shares;Euronext Dublin;IE00BF0L3536;30, Financials;3010, Banks;301010, Banks;30101010, Banks;;;
BANK OF IRELAND GROUP PLC;EUR;10145000000.0;;;;;;Stock;Ordinary Shares;Euronext Dublin;IE00BD1RP616;30, Financials;3010, Banks;301010, Banks;30101010, Banks;;;
CAIRN HOMES PLC;EUR;1052999999.9999999;;;;;;Stock;Ordinary Shares;Euronext Dublin;IE00BWY4ZF18;40, Consumer Discretionary;4020, Consumer Products and Services;402020, Household Goods and Home Construction;40202010, Home Construction;;0.25;
CORRE ENERGY B.V.;EUR;60863000.0;;;;;;Stock;Ordinary Shares;Euronext Growth Dublin;NL0015000DY3;60, Energy;6010, Energy;601020, Alternative Energy;60102020, Renewable Energy Equipment;;;
CRH PLC;EUR;50000.0;;;;;;Stock;Preferred Shares;Euronext Growth Dublin;IE0001827264;50, Industrials;5010, Construction and Materials;501010, Construction and Materials;50101030, Cement;;;
DALATA HOTEL GROUP PLC;EUR;932930000.0;;;;;22.0;Stock;Ordinary Shares;Euronext Dublin;IE00BJMZDW83;40, Consumer Discretionary;4050, Travel and Leisure;405010, Travel and Leisure;40501025, Hotels and Motels;67.585801;;
DATALEX PLC;EUR;63689000.0;;;;;;Stock;Ordinary Shares;Euronext Growth Dublin;IE0000527006;10, Technology;1010, Technology;101010, Software and Computer Services;10101015, Software;;0.2711;
DONEGAL INVESTMENT GROUP PLC;EUR;25070000.0;;;;;;Stock;Ordinary Shares;Euronext Growth Dublin;IE000TIRQBE1;45, Consumer Staples;4510, Food, Beverage and Tobacco;451020, Food Producers;45102010, Farming, Fishing, Ranching and Plantations;;;
FBD HOLDINGS PLC;EUR;563762000.0;;;;;;Stock;Ordinary Shares;Euronext Dublin;IE0003290289;30, Financials;3030, Insurance;303020, Non-life Insurance;30302010, Full Line Insurance;82.1546;0.61;
FD TECHNOLOGIES PLC;EUR;418663000.0;;;;;;Stock;Ordinary Shares;Euronext Growth Dublin;GB0031477770;10, Technology;1010, Technology;101010, Software and Computer Services;10101010, Computer Services;;0.3;
GLANBIA PLC;EUR;4624000000.0;;;;;;Stock;Ordinary Shares;Euronext Dublin;IE0000669501;45, Consumer Staples;4510, Food, Beverage and Tobacco;451020, Food Producers;45102020, Food Products;;0.27;
GLENVEAGH PROPERTIES PLC;EUR;736594000.0;;;;;;Stock;Ordinary Shares;Euronext Dublin;IE00BD6JX574;40, Consumer Discretionary;4020, Consumer Products and Services;402020, Household Goods and Home Construction;40202010, Home Construction;0.3852;0.3;
GREAT WESTERN MINING CORPORATION PLC;EUR;3548000.0;;;;;;Stock;Ordinary Shares;Euronext Growth Dublin;IE00B1FR8863;55, Basic Materials;5510, Basic Resources;551020, Industrial Metals and Mining;55102000, General Mining;;;
GREENCOAT RENEWABLES PLC;EUR;949511000.0;;;;;;Stock;Ordinary Shares;Euronext Growth Dublin;IE00BF2NR112;65, Utilities;6510, Utilities;651010, Electricity;65101010, Alternative Electricity;;;
IRISH CONTINENTAL GROUP PLC;EUR;829104000.0;;;;;;Stock;Units;Euronext Dublin;IE00BLP58571;50, Industrials;5020, Industrial Goods and Services;502060, Industrial Transportation;50206030, Marine Transportation;;0.39;
IRISH RESIDENTIAL PROPERTIES REIT PLC;EUR;518457999.99999994;;;;;;Stock;Ordinary Shares;Euronext Dublin;IE00BJ34P519;35, Real Estate;3510, Real Estate;351020, Real Estate Investment Trusts;35102040, Residential REITs;;0.49;
KENMARE RESOURCES PLC;EUR;358697000.0;;;;;;Stock;Ordinary Shares;Euronext Dublin;IE00BDC5DG00;55, Basic Materials;5510, Basic Resources;551020, Industrial Metals and Mining;55102000, General Mining;366.86;0.16;
KERRY GROUP PLC;EUR;13733000000.0;;;;;;Stock;Ordinary Shares;Euronext Dublin;IE0004906560;45, Consumer Staples;4510, Food, Beverage and Tobacco;451020, Food Producers;45102020, Food Products;;0.326;
KINGSPAN GROUP PLC;EUR;14825000000.0;A;;;;18.2;Stock;Ordinary Shares;Euronext Dublin;IE0004927939;50, Industrials;5010, Construction and Materials;501010, Construction and Materials;50101035, Building Materials: Other;708.397887;0.21;
MALIN CORPORATION PLC;EUR;105312000.0;;;;;;Stock;Ordinary Shares;Euronext Growth Dublin;IE00BVGC3741;20, Health Care;2010, Health Care;201030, Pharmaceuticals and Biotechnology;20103015, Pharmaceuticals;;;
MINCON GROUP PLC;EUR;104111000.0;;;;;;Stock;Ordinary Shares;Euronext Growth Dublin;IE00BD64C665;50, Industrials;5020, Industrial Goods and Services;502040, Industrial Engineering;50204000, Machinery: Industrial;;;
ORIGIN ENTERPRISES PLC;EUR;346896000.0;B;;;;Low Risk;Stock;Ordinary Shares;Euronext Growth Dublin;IE00B1WV4493;45, Consumer Staples;4510, Food, Beverage and Tobacco;451020, Food Producers;45102010, Farming, Fishing, Ranching and Plantations;60767.00686400001;0.27;
OVOCA BIO PLC;EUR;574982.0;;;;;;Stock;Ordinary Shares;Euronext Growth Dublin;IE00B4XVDC01;20, Health Care;2010, Health Care;201030, Pharmaceuticals and Biotechnology;20103010, Biotechnology;;;
PERMANENT TSB GROUP HOLDINGS PLC;EUR;829295000.0;;;;;;Stock;Ordinary Shares;Euronext Dublin;IE00BWB8X525;30, Financials;3010, Banks;301010, Banks;30101010, Banks;;;
RYANAIR HOLDINGS PLC;EUR;23086000000.0;;;;;23.4;Stock;Ordinary Shares;Euronext Dublin;IE00BYTBXV33;40, Consumer Discretionary;4050, Travel and Leisure;405010, Travel and Leisure;40501010, Airlines;882.5472350000001;0.42;
SMURFIT KAPPA GROUP PLC;EUR;10553000000.0;;;;;;Stock;Ordinary Shares;Euronext Dublin;IE00B1RR8406;50, Industrials;5020, Industrial Goods and Services;502030, General Industrials;50203030, Containers and Packaging;;;
UNIPHAR PLC;EUR;709840000.0;;;;;;Stock;Ordinary Shares;Euronext Growth Dublin;IE00BJ5FQX74;45, Consumer Staples;4520, Personal Care, Drug and Grocery Stores;452010, Personal Care, Drug and Grocery Stores;45201015, Drug Retailers;;;
AKER BP;NOK;181074000000.0;A-;;;;34.7;Stock;Ordinary Shares;Oslo Børs;NO0010345853;60, Energy;6010, Energy;601010, Oil, Gas and Coal;60101010, Oil: Crude Producers;2572.4275;;
BW LPG;NOK;20230000000.0;C;;;;Low Risk;Stock;Ordinary Shares;Oslo Børs;BMG173841013;50, Industrials;5020, Industrial Goods and Services;502060, Industrial Transportation;50206030, Marine Transportation;;0.4;0.12
DNB BANK ASA;NOK;327497000000.0;;;;;;Stock;Ordinary Shares;Oslo Børs;NO0010161896;30, Financials;3010, Banks;301010, Banks;30101010, Banks;;0.462;
EQUINOR;NOK;906187000000.0;;;;;;Stock;Ordinary Shares;Oslo Børs;NO0010096985;60, Energy;6010, Energy;601010, Oil, Gas and Coal;60101000, Integrated Oil and Gas;2061.02;0.32;
FRONTLINE PLC;NOK;59997000000.0;;;;;;Stock;Ordinary Shares;Oslo Børs;CY0200352116;50, Industrials;5020, Industrial Goods and Services;502060, Industrial Transportation;50206030, Marine Transportation;;0.2632;
GOLDEN OCEAN GROUP;NOK;29340000000.0;;;;;;Stock;Ordinary Shares;Oslo Børs;BMG396372051;50, Industrials;5020, Industrial Goods and Services;502060, Industrial Transportation;50206030, Marine Transportation;622.17;0.342;
HAFNIA LIMITED;NOK;42453000000.0;;;;;;Stock;Ordinary Shares;Oslo Børs;BMG4233B1090;50, Industrials;5020, Industrial Goods and Services;502060, Industrial Transportation;50206030, Marine Transportation;;0.0536;
HOEGH AUTOLINERS ASA;NOK;18505000000.0;;;;;;Stock;Ordinary Shares;Oslo Børs;NO0011082075;50, Industrials;5020, Industrial Goods and Services;502060, Industrial Transportation;50206030, Marine Transportation;776.2357;0.46;0.0785
KONGSBERG GRUPPEN;NOK;134491999999.99998;;;;;;Stock;Ordinary Shares;Oslo Børs;NO0003043309;50, Industrials;5020, Industrial Goods and Services;502030, General Industrials;50203000, Diversified Industrials;18.824260000000002;0.21600000000000003;0.053
MOWI;NOK;96467000000.0;;;;;;Stock;Ordinary Shares;Oslo Børs;NO0003054108;45, Consumer Staples;4510, Food, Beverage and Tobacco;451020, Food Producers;45102010, Farming, Fishing, Ranching and Plantations;225.6737;0.4;
MPC CONTAINER SHIPS;NOK;5930000000.0;;;;;;Stock;Ordinary Shares;Oslo Børs;NO0010791353;50, Industrials;5020, Industrial Goods and Services;502060, Industrial Transportation;50206030, Marine Transportation;2637.81;0.364;
NEL;NOK;7772000000.0;;;;;;Stock;Ordinary Shares;Oslo Børs;NO0010081235;60, Energy;6010, Energy;601020, Alternative Energy;60102020, Renewable Energy Equipment;0.14408939999999998;0.205;
NORDIC SEMICONDUCTOR;NOK;17582000000.0;;;;;;Stock;Ordinary Shares;Oslo Børs;NO0003055501;10, Technology;1010, Technology;101020, Technology Hardware and Equipment;10102010, Semiconductors;28.36;0.171;
NORSK HYDRO;NOK;145620000000.0;;;;;17,8 (low risk);Stock;Ordinary Shares;Oslo Børs;NO0005052605;55, Basic Materials;5510, Basic Resources;551020, Industrial Metals and Mining;55102035, Aluminum;10.66156;;
NORWEGIAN AIR SHUTTLE;NOK;16010000000.000002;B-;;;;;Stock;Ordinary Shares;Oslo Børs;NO0010196140;40, Consumer Discretionary;4050, Travel and Leisure;405010, Travel and Leisure;40501010, Airlines;0.01092;0.43;
ORKLA;NOK;79163000000.0;;;;;;Stock;Ordinary Shares;Oslo Børs;NO0003733800;45, Consumer Staples;4510, Food, Beverage and Tobacco;451020, Food Producers;45102020, Food Products;2.96387;0.465;
PGS;NOK;8397000000.0;;;;;;Stock;Ordinary Shares;Oslo Børs;NO0010199151;60, Energy;6010, Energy;601010, Oil, Gas and Coal;60101030, Oil Equipment and Services;0.0;0.3;
SALMAR;NOK;86948000000.0;;;;;;Stock;Ordinary Shares;Oslo Børs;NO0010310956;45, Consumer Staples;4510, Food, Beverage and Tobacco;451020, Food Producers;45102010, Farming, Fishing, Ranching and Plantations;1.3039117;0.28;
STOREBRAND;NOK;44222000000.0;;;;;;Stock;Ordinary Shares;Oslo Børs;NO0003053605;30, Financials;3030, Insurance;303010, Life Insurance;30301010, Life Insurance;0.0006734;0.46;
SUBSEA 7;NOK;54164000000.0;;;;;;Stock;Ordinary Shares;Oslo Børs;LU0075646355;60, Energy;6010, Energy;601010, Oil, Gas and Coal;60101030, Oil Equipment and Services;152.0874;0.17;0.08199999999999999
TELENOR;NOK;168495000000.0;;;;;;Stock;Ordinary Shares;Oslo Børs;NO0010063308;15, Telecommunications;1510, Telecommunications;151020, Telecommunications Service Providers;15102015, Telecommunications Services;0.00091;0.38;
TGS ASA;NOK;17388000000.0;;;;;;Stock;Ordinary Shares;Oslo Børs;NO0003078800;60, Energy;6010, Energy;601010, Oil, Gas and Coal;60101030, Oil Equipment and Services;0.07;0.5455;
TOMRA SYSTEMS;NOK;43577000000.0;;;;;;Stock;Ordinary Shares;Oslo Børs;NO0012470089;50, Industrials;5020, Industrial Goods and Services;502040, Industrial Engineering;50204000, Machinery: Industrial;2.69087;0.23;
VÅR ENERGI ASA;NOK;93565000000.0;;;;;;Stock;Ordinary Shares;Oslo Børs;NO0011202772;60, Energy;6010, Energy;601010, Oil, Gas and Coal;60101015, Offshore Drilling and Other Services;735.2741;0.2547;
YARA INTERNATIONAL;NOK;83550000000.0;;;;;;Stock;Ordinary Shares;Oslo Børs;NO0010208051;55, Basic Materials;5520, Chemicals;552010, Chemicals;55201015, Fertilizers;;;
A2A;EUR;5295000000.0;;;;;;Stock;Ordinary Shares;Euronext Milan;IT0001233417;65, Utilities;6510, Utilities;651010, Electricity;65101015, Conventional Electricity;1060.3642220000002;0.19;0.08900000000000001
AMPLIFON;EUR;6980000000.0;;;;;;Stock;Ordinary Shares;Euronext Milan;IT0004056880;20, Health Care;2010, Health Care;201020, Medical Equipment and Services;20102015, Medical Supplies;18.3291;0.733;
AZIMUT;EUR;3457000000.0;;;;;;Stock;Ordinary Shares;Euronext Milan;IT0003261697;30, Financials;3020, Financial Services;302020, Investment Banking and Brokerage Services;30202010, Asset Managers and Custodians;;0.46;
BANCA GENERALI;EUR;4069000000.0;;;;;;Stock;Ordinary Shares;Euronext Milan;IT0001031084;30, Financials;3010, Banks;301010, Banks;30101010, Banks;;0.49;
BANCA MEDIOLANUM;EUR;7443000000.0;;;;;;Stock;Ordinary Shares;Euronext Milan;IT0004776628;30, Financials;3020, Financial Services;302020, Investment Banking and Brokerage Services;30202000, Diversified Financial Services;;0.495;
BANCO BPM;EUR;9470000000.0;;;;;;Stock;Ordinary Shares;Euronext Milan;IT0005218380;30, Financials;3010, Banks;301010, Banks;30101010, Banks;;0.461;
BPER BANCA;EUR;6129000000.0;;;;;;Stock;Ordinary Shares;Euronext Milan;IT0000066123;30, Financials;3010, Banks;301010, Banks;30101010, Banks;;0.47;0.010700000000000001
BUZZI;EUR;6596000000.0;;;;;;Stock;Ordinary Shares;Euronext Milan;IT0001347308;50, Industrials;5010, Construction and Materials;501010, Construction and Materials;50101030, Cement;;0.142;
CNH INDUSTRIAL;EUR;14736000000.0;;;;;;Stock;Ordinary Shares;Euronext Global Equity Market;NL0010545661;50, Industrials;5020, Industrial Goods and Services;502040, Industrial Engineering;50204010, Machinery: Agricultural;;0.106;
DIASORIN;EUR;5067000000.0;;;;;;Stock;Ordinary Shares;Euronext Milan;IT0003492391;20, Health Care;2010, Health Care;201020, Medical Equipment and Services;20102010, Medical Equipment;;0.43;
ENEL;EUR;58824000000.0;;;;;;Stock;Ordinary Shares;Euronext Milan;IT0003128367;65, Utilities;6510, Utilities;651010, Electricity;65101015, Conventional Electricity;0.0009;0.23399999999999999;
ENI;EUR;50351000000.0;Water Security, 2023;;;;;Stock;Ordinary Shares;Euronext Milan;IT0003132476;60, Energy;6010, Energy;601010, Oil, Gas and Coal;60101000, Integrated Oil and Gas;2725.668138;0.2686;0.0268
ERG;EUR;3641000000.0;;;;;14.1 Low Risk;Stock;Ordinary Shares;Euronext Milan;IT0001157020;65, Utilities;6510, Utilities;651010, Electricity;65101010, Alternative Electricity;28.547600000000003;0.31;0.054000000000000006
FINECOBANK;EUR;8429000000.0;;;;;;Stock;Ordinary Shares;Euronext Milan;IT0000072170;30, Financials;3010, Banks;301010, Banks;30101010, Banks;;;
GENERALI ASS;;;;;;;;Stock;Ordinary Shares;Euronext Milan;IT0000062072;30, Financials;3030, Insurance;303020, Non-life Insurance;30302010, Full Line Insurance;1.8511000000000002;0.511;
HERA;EUR;4665000000.0;;;;;;Stock;Ordinary Shares;Euronext Milan;IT0001250932;65, Utilities;6510, Utilities;651020, Gas, Water and Multi-utilities;65102000, Multi-utilities;1353.045067;0.2764;0.0242
INTERPUMP GROUP;EUR;4475000000.0;;;;;;Stock;Ordinary Shares;Euronext Milan;IT0001078911;50, Industrials;5020, Industrial Goods and Services;502040, Industrial Engineering;50204000, Machinery: Industrial;;0.192;
INTESA SANPAOLO;EUR;60315000000.0;A;;;;12.2;Stock;Ordinary Shares;Euronext Milan;IT0000072618;30, Financials;3010, Banks;301010, Banks;30101010, Banks;;0.537;0.027999999999999997
INWIT;EUR;9415000000.0;;;;;;Stock;Ordinary Shares;Euronext Milan;IT0005090300;15, Telecommunications;1510, Telecommunications;151020, Telecommunications Service Providers;15102015, Telecommunications Services;20.111506000000002;0.38;
ITALGAS;EUR;4053000000.0;;;;;;Stock;Ordinary Shares;Euronext Milan;IT0005211237;65, Utilities;6510, Utilities;651020, Gas, Water and Multi-utilities;65102020, Gas Distribution;28.653851;0.1776;0.021
IVECO GROUP;EUR;3405000000.0;;;;;;Stock;Ordinary Shares;Euronext Milan;NL0015000LU4;50, Industrials;5020, Industrial Goods and Services;502060, Industrial Transportation;50206015, Commercial Vehicles and Parts;8678.277051000001;0.184;0.028999999999999998
LEONARDO;EUR;12887000000.0;;;;;;Stock;Ordinary Shares;Euronext Milan;IT0003856405;50, Industrials;5020, Industrial Goods and Services;502010, Aerospace and Defense;50201020, Defense;464.89360000000005;0.196;0.044000000000000004
MEDIOBANCA;EUR;11428000000.0;C;;;;15.7/40;Stock;Ordinary Shares;Euronext Milan;IT0000062957;30, Financials;3020, Financial Services;302020, Investment Banking and Brokerage Services;30202000, Diversified Financial Services;;0.4205;
MONCLER;EUR;18154000000.0;A-;;;;Top-Rated Badge;Stock;Ordinary Shares;Euronext Milan;IT0004965148;40, Consumer Discretionary;4020, Consumer Products and Services;402040, Personal Goods;40204020, Clothing and Accessories;19.532101;0.688;0.134
NEXI;EUR;7079000000.0;;;;;;Stock;Ordinary Shares;Euronext Milan;IT0005366767;50, Industrials;5020, Industrial Goods and Services;502050, Industrial Support Services;50205015, Transaction Processing Services;;0.42;
PIRELLI & C;;;;;;;;Stock;Ordinary Shares;Euronext Milan;IT0005278236;40, Consumer Discretionary;4010, Automobiles and Parts;401010, Automobiles and Parts;40101015, Tires;388.05690000000004;0.156;0.065
POSTE ITALIANE;EUR;15001000000.0;A-;;;;;Stock;Ordinary Shares;Euronext Milan;IT0003796171;30, Financials;3030, Insurance;303010, Life Insurance;30301010, Life Insurance;3.8569220000000004;0.531;0.055
PRYSMIAN;EUR;13462000000.0;A-;;;;low risk;Stock;Ordinary Shares;Euronext Milan;IT0004176001;50, Industrials;5020, Industrial Goods and Services;502020, Electronic and Electrical Equipment;50202010, Electrical Components;19548.450600000004;0.205;
RECORDATI ORD;EUR;10235000000.0;B;3.9;;;;Stock;Ordinary Shares;Euronext Milan;IT0003828271;20, Health Care;2010, Health Care;201030, Pharmaceuticals and Biotechnology;20103015, Pharmaceuticals;;0.48;
SNAM;EUR;14190000000.0;A List;score of 3.8;;;rating of 14.1;Stock;Ordinary Shares;Euronext Milan;IT0003153415;60, Energy;6010, Energy;601010, Oil, Gas and Coal;60101035, Pipelines;105.518692;0.1653;0.038
STELLANTIS;EUR;76819000000.0;;;;;;Stock;Ordinary Shares;Euronext Milan;NL00150001Q9;40, Consumer Discretionary;4010, Automobiles and Parts;401010, Automobiles and Parts;40101020, Automobiles;6858.244394;;
STMICROELECTRONICS;EUR;34661000000.0;;;;;;Stock;Ordinary Shares;Euronext Milan;NL0000226223;10, Technology;1010, Technology;101020, Technology Hardware and Equipment;10102010, Semiconductors;27.9849;;
TELECOM ITALIA;EUR;3420000000.0;;;;;;Stock;Ordinary Shares;Euronext Milan;IT0003497168;15, Telecommunications;1510, Telecommunications;151020, Telecommunications Service Providers;15102015, Telecommunications Services;133.63230000000001;0.38;
TERNA;EUR;14609000000.0;;;;;;Stock;Ordinary Shares;Euronext Milan;IT0003242622;65, Utilities;6510, Utilities;651010, Electricity;65101015, Conventional Electricity;141.369684;0.16079999999999997;0.018000000000000002
UNIPOL;EUR;5740000000.0;;;;;;Stock;Ordinary Shares;Euronext Milan;IT0004810054;30, Financials;3030, Insurance;303020, Non-life Insurance;30302010, Full Line Insurance;509.708945;0.5429999999999999;0.027000000000000003
