Name;Currency;Market Cap;CDP;FTSE4Good;MSCI ESG Ratings;Moody's ESG Solution;Sustainalytics;Carbon footprint (total GHG emissions / enterprise value);Share of women in total workforce;Rate of resignation;Type;Sub type;Market;ISIN Code;Industry;SuperSector;Sector;Subsector;Share of women in management bodies;Gender pay gap;Professional equality index;Rate of employees with disabilities;Average training hours per employee;Board gender diversity (female board members / total board members);Number of female board members;Number of board members;Total energy consumption; Ratio of non-recycled waste
ACCOR;EUR;9.656B;;;;;;535.17 Ton / Million (EUR); %; %;Stock;Ordinary Shares;Euronext Paris;FR0000120404;40, Consumer Discretionary;4050, Travel and Leisure;405010, Travel and Leisure;40501025, Hotels and Motels; %; %; unit; %; unit;61.50%;8 unit;13 unit;13,712 GWh;
AIR LIQUIDE;EUR;98.258B;;;;;;;28%;8.60%;Stock;Ordinary Shares;Euronext Paris;FR0000120073;55, Basic Materials;5520, Chemicals;552010, Chemicals;55201020, Specialty Chemicals;30%;;87 unit;4.50%;20 unit;35.70%;5 unit;14 unit; GWh;
AIRBUS SE;EUR;127.257B;;;;;;;20%;;Stock;Ordinary Shares;Euronext Paris;NL0000235190;50, Industrials;5020, Industrial Goods and Services;502010, Aerospace and Defense;50201010, Aerospace;;;;;15 unit;33.33%;4 unit;12 unit;3,717 GWh;
ARCELORMITTAL SA;EUR;20.331B;;;;;;3,373.201 Ton / Million (USD);;;Stock;Ordinary Shares;Euronext Amsterdam;LU1598757687;55, Basic Materials;5510, Basic Resources;551020, Industrial Metals and Mining;55102010, Iron and Steel;15.70%;;;;;30%;3 unit;10 unit;1,392,000,000 gigajoule;
AXA;EUR;77.141B;;;;;;2.54 Ton / Million (EUR);;10%;Stock;Ordinary Shares;Euronext Paris;FR0000120628;30, Financials;3030, Insurance;303020, Non-life Insurance;30302010, Full Line Insurance;35.30%;;;0.70%;;56.30%;9 unit;16 unit;223,638 MWh;
BNP PARIBAS ACT.A;EUR;74.838B;;;;;;;51%;;Stock;Ordinary Shares;Euronext Paris;FR0000131104;30, Financials;3010, Banks;301010, Banks;30101010, Banks; %;;64 unit;2.70%;24.2 unit;53.80%;7 unit;13 unit;830 GWh;
BOUYGUES;EUR;13.729B;;;;;;716.98 Ton / Million (EUR); %;;Stock;Ordinary Shares;Euronext Paris;FR0000120503;50, Industrials;5010, Construction and Materials;501010, Construction and Materials;50101010, Construction; %;; unit; %; unit;57.10%;8 unit;14 unit;;
CAPGEMINI;EUR;34.711B;;;;;;22.12 Ton / Million (EUR);38.80%;;Stock;Ordinary Shares;Euronext Paris;FR0000125338;10, Technology;1010, Technology;101010, Software and Computer Services;10101010, Computer Services;27.30%;;80 unit;1.20%;52.4 unit;40%;6 unit;15 unit;201,053 MWh;
CARREFOUR;EUR;11.156B;;;;;;;55%;15.80%;Stock;Ordinary Shares;Euronext Paris;FR0000120172;45, Consumer Staples;4520, Personal Care, Drug and Grocery Stores;452010, Personal Care, Drug and Grocery Stores;45201010, Food Retailers and Wholesalers;30.80%;;97 unit;4.30%;9.2 unit;46.70%;7 unit;15 unit;4,556,990 MWh;
CREDIT AGRICOLE;EUR;41.924B;B;;;;22.7;;52.20%;4%;Stock;Ordinary Shares;Euronext Paris;FR0000045072;30, Financials;3010, Banks;301010, Banks;30101010, Banks;35.30%;;97 unit;5.40%;33.5 unit;47.60%;10 unit;21 unit;398,861 MWh;
DANONE;EUR;39.921B;;;;;;;;;Stock;Ordinary Shares;Euronext Paris;FR0000120644;45, Consumer Staples;4510, Food, Beverage and Tobacco;451020, Food Producers;45102020, Food Products;;;;;;;;;;
DASSAULT SYSTEMES;EUR;51.369B;B;;;;;3.6589 Ton / Million (EUR);28.10%;;Stock;Ordinary Shares;Euronext Paris;FR0014003TT8;10, Technology;1010, Technology;101010, Software and Computer Services;10101015, Software;38.50%;;95 unit;2.70%;27.9 unit;50%;6 unit;12 unit;82,766 MWh;
EDENRED;EUR;11.656B;;03.07.2005;;;16.8;6.16 Ton / Million (EUR);52%;;Stock;Ordinary Shares;Euronext Paris;FR0010908533;50, Industrials;5020, Industrial Goods and Services;502050, Industrial Support Services;50205015, Transaction Processing Services;37%;;;5.50%;22.1 unit;50%;6 unit;12 unit;11,713,829 MWh;
ENGIE;EUR;38.575B;;;;;;1,727.98 Ton / Million (EUR);26.50%;5.40%;Stock;Ordinary Shares;Euronext Paris;FR0010208488;65, Utilities;6510, Utilities;651020, Gas, Water and Multi-utilities;65102000, Multi-utilities;40%;1.90%; unit;3.50%;28 unit;50%;7 unit;14 unit;217,479 GWh;
ESSILORLUXOTTICA;EUR;92.903B;;;;;;13.12 Ton / Million (EUR);60%;;Stock;Ordinary Shares;Euronext Paris;FR0000121667;20, Health Care;2010, Health Care;201020, Medical Equipment and Services;20102015, Medical Supplies;39%;;; %;19.2 unit;42.90%;6 unit;14 unit;2,149 GWh;
EUROFINS SCIENT.;EUR;11.525B;;;;;;31.9102 Ton / Million (EUR);57%;;Stock;Ordinary Shares;Euronext Paris;FR0014000MR3;20, Health Care;2010, Health Care;201020, Medical Equipment and Services;20102020, Medical Services;21%;;;;;50%;4 unit;8 unit;742,007 MWh;
HERMES INTL;EUR;246.399B;;;;;Negligible risk |9.2;;67%;;Stock;Ordinary Shares;Euronext Paris;FR0000052292;40, Consumer Discretionary;4020, Consumer Products and Services;402040, Personal Goods;40204020, Clothing and Accessories;40%;;92 unit;6.90%;21 unit;50%;7 unit;14 unit;209,100 MWh;
KERING;EUR;41.957B;;;AAA;73/100;;39.66 Ton / Million (EUR);63%;;Stock;Ordinary Shares;Euronext Paris;FR0000121485;40, Consumer Discretionary;4020, Consumer Products and Services;402040, Personal Goods;40204020, Clothing and Accessories;42%;14.20%;88 unit;1.50%;13.1 unit;63.60%;7 unit;11 unit;351,130 MWh;
L'OREAL;EUR;226.430B;;;;;;46.06 Ton / Million (EUR);68%;;Stock;Ordinary Shares;Euronext Paris;FR0000120321;40, Consumer Discretionary;4020, Consumer Products and Services;402040, Personal Goods;40204035, Cosmetics;32%;0.70%;97 unit;1.90%;36.7 unit;43.80%;7 unit;16 unit;935,591 MWh;
LEGRAND;EUR;25.373B;;;;;;437.52 Ton / Million (EUR); %;6.60%;Stock;Ordinary Shares;Euronext Paris;FR0010307819;50, Industrials;5020, Industrial Goods and Services;502020, Electronic and Electrical Equipment;50202010, Electrical Components;25%;;93 unit;2.40%;22 unit;42.90%;6 unit;14 unit;384 GWh;
LVMH;EUR;400.569B;AAA;04. Mai;A;68/100;Low risk;1.88 Ton / Million (EUR);71%;16.50%;Stock;Ordinary Shares;Euronext Paris;FR0000121014;40, Consumer Discretionary;4020, Consumer Products and Services;402040, Personal Goods;40204020, Clothing and Accessories;;;93 unit;1.60%;;43.80%;7 unit;16 unit;1,939,763 MWh;
MICHELIN;EUR;24.966B;;;;;;;19.90%;5.43%;Stock;Ordinary Shares;Euronext Paris;FR001400AJ45;40, Consumer Discretionary;4010, Automobiles and Parts;401010, Automobiles and Parts;40101015, Tires;44.45%; %;70 unit;6.89%;41 unit;45.45%;5 unit;11 unit;39,039,000 gigajoule;
ORANGE;EUR;28.290B;;;;;; Ton / Million (EUR);36.20%;4.30%;Stock;Ordinary Shares;Euronext Paris;FR0000133308;15, Telecommunications;1510, Telecommunications;151020, Telecommunications Service Providers;15102015, Telecommunications Services;34.10%;1.20%;89 unit;7%;21.1 unit;40%;6 unit;15 unit;10,620,414 MWh;
PERNOD RICARD;EUR;36.721B;;;;;;76.1188 Ton / Million (EUR);40%;8.50%;Stock;Ordinary Shares;Euronext Paris;FR0000120693;45, Consumer Staples;4510, Food, Beverage and Tobacco;451010, Beverages;45101015, Distillers and Vintners;35.30%;1.30%;;3.50%;22.47 unit;57.14%;8 unit;14 unit;1,635,242 MWh;
PUBLICIS GROUPE SA;EUR;25.724B;;;;;;10.65 Ton / Million (EUR);51.30%;;Stock;Ordinary Shares;Euronext Paris;FR0000130577;40, Consumer Discretionary;4030, Media;403010, Media;40301020, Media Agencies;42.50%;;90 unit;1.47%;21 unit;38.46%;5 unit;13 unit;111,864 MWh;
RENAULT;EUR;14.319B;;;;;;1,190.19 Ton / Million (EUR);22%;;Stock;Ordinary Shares;Euronext Paris;FR0000131906;40, Consumer Discretionary;4010, Automobiles and Parts;401010, Automobiles and Parts;40101020, Automobiles;35.60%;0%;100 unit;3.20%;22.4 unit;31.30%;5 unit;16 unit;3,884,241 MWh;
SAFRAN;EUR;88.956B;;;;;; Ton / Million (EUR);29.30%;7.70%;Stock;Ordinary Shares;Euronext Paris;FR0000073272;50, Industrials;5020, Industrial Goods and Services;502010, Aerospace and Defense;50201010, Aerospace;26.30%;;91 unit;5.20%;31 unit;43.80%;7 unit;16 unit;2,143,484 MWh;
SAINT GOBAIN;EUR;36.090B;;;;;;810.88 Ton / Million (EUR);23.70%;8.60%;Stock;Ordinary Shares;Euronext Paris;FR0000125007;50, Industrials;5010, Construction and Materials;501010, Construction and Materials;50101035, Building Materials: Other;37.50%;0.92%;;1.90%;17.2 unit;50%;7 unit;14 unit;41,854 GWh;
SANOFI;EUR;107.938B;;;;;;;;;Stock;Ordinary Shares;Euronext Paris;FR0000120578;20, Health Care;2010, Health Care;201030, Pharmaceuticals and Biotechnology;20103015, Pharmaceuticals;;;;;;;;;;
SCHNEIDER ELECTRIC SE;EUR;123.561B;;;;;;713.31 Ton / Million (EUR);33%;8.52%;Stock;Ordinary Shares;Euronext Paris;FR0000121972;50, Industrials;5020, Industrial Goods and Services;502020, Electronic and Electrical Equipment;50202010, Electrical Components;41%;3%;81 unit; %;24.1 unit;50%;7 unit;14 unit;1,201,276 MWh;
SOCIETE GENERALE;EUR;19.797B;;;;;;; %; %;Stock;Ordinary Shares;Euronext Paris;FR0000130809;30, Financials;3010, Banks;301010, Banks;30101010, Banks; %;; unit; %; unit;46.70%;7 unit;15 unit;454,210 MWh;
STELLANTIS NV;EUR;76.930B;;;;;;6,409.5742 Ton / Million (EUR); %; %;Stock;Ordinary Shares;Euronext Paris;NL00150001Q9;40, Consumer Discretionary;4010, Automobiles and Parts;401010, Automobiles and Parts;40101020, Automobiles; %;;;; unit;27.27%;3 unit;11 unit;15,494,891 MWh;
STMICROELECTRONICS;EUR;34.374B;;;;;;27.9849 Ton / Million (USD); %; %;Stock;Ordinary Shares;Euronext Paris;NL0000226223;10, Technology;1010, Technology;101020, Technology Hardware and Equipment;10102010, Semiconductors; %; %; unit; %; unit;44.44%;4 unit;9 unit;10,363.96 terajoule;
TELEPERFORMANCE;EUR;5.507B;;;;;;23.89 Ton / Million (EUR); %;;Stock;Ordinary Shares;Euronext Paris;FR0000051807;50, Industrials;5020, Industrial Goods and Services;502050, Industrial Support Services;50205020, Professional Business Support Services; %; %; unit; %; unit;43.80%;7 unit;16 unit;317,975 MWh;
THALES;EUR;32.698B;;;;;;;;;Stock;Ordinary Shares;Euronext Paris;FR0000121329;50, Industrials;5020, Industrial Goods and Services;502010, Aerospace and Defense;50201020, Defense;;;;;;;;;;
TOTALENERGIES;EUR;160.730B;;;;;;1,880.7629 Ton / Million (USD);36.30%;9.10%;Stock;Ordinary Shares;Euronext Paris;FR0000120271;60, Energy;6010, Energy;601010, Oil, Gas and Coal;60101000, Integrated Oil and Gas;27.50%;;;6.03%;48.64 unit;42.86%;6 unit;14 unit;167,000 GWh;
UNIBAIL-RODAMCO-WESTFIELD;EUR;10.328B;;;;;5.8 / Negligible Risk;75.36 Ton / Million (EUR);54.20%;9.40%;Stock;Ordinary Shares;Euronext Paris;FR0013326246;35, Real Estate;3510, Real Estate;351020, Real Estate Investment Trusts;35102045, Retail REITs;16.70%;4.30%;94 unit;0.80%;19 unit;60%;6 unit;10 unit;592,834 MWh;
VEOLIA ENVIRON.;EUR;20.747B;;;;;;1,305.4959 Ton / Million (EUR);22.30%;8.60%;Stock;Ordinary Shares;Euronext Paris;FR0000124141;65, Utilities;6510, Utilities;651020, Gas, Water and Multi-utilities;65102030, Water;22.20%; %;87 unit;2.40%;26 unit;53.85%;7 unit;13 unit;122,000,000 MWh;
VINCI;EUR;66.681B;;;;;;437.83 Ton / Million (EUR);16.80%;10.40%;Stock;Ordinary Shares;Euronext Paris;FR0000125486;50, Industrials;5010, Construction and Materials;501010, Construction and Materials;50101010, Construction;19.50%;;84 unit;1.80%;21.5 unit;42.90%;6 unit;14 unit;10,686,843 MWh;
VIVENDI SE;EUR;10.167B;;;;;;9.9488 Ton / Million (EUR);54%;52%;Stock;Ordinary Shares;Euronext Paris;FR0000127771;40, Consumer Discretionary;4030, Media;403010, Media;40301035, Radio and TV Broadcasters;38%;;89 unit;1.01%;10.9 unit;53.85%;7 unit;13 unit;155,136 MWh;
ABN AMRO BANK N.V.;EUR;7.577B;;;;;;;;;Stock;Cooperative Investment Certificate;Euronext Amsterdam;NL0011540547;30, Financials;3010, Banks;301010, Banks;30101010, Banks;;;;;;;;;;
ADYEN;EUR;44.813B;;;;;;1.45 Ton / Million (EUR);38%;;Stock;Ordinary Shares;Euronext Amsterdam;NL0012969182;50, Industrials;5020, Industrial Goods and Services;502050, Industrial Support Services;50205015, Transaction Processing Services;27%;;;;;40%;2 unit;5 unit;;
AEGON;EUR;10.144B;;;;;;1.31 Ton / Million (EUR);51%;10%;Stock;Ordinary Shares;Euronext Amsterdam;BMG0112X1056;30, Financials;3030, Insurance;303010, Life Insurance;30301010, Life Insurance;38%;;;;;44.40%;4 unit;9 unit;40,744 MWh;
KONINKLIJKE AHOLD DELHAIZE N.V.;EUR;25.614B;;;AAA;;26.2; Ton / Million (EUR);52%;;Stock;Ordinary Shares;Euronext Amsterdam;NL0011794037;45, Consumer Staples;4520, Personal Care, Drug and Grocery Stores;452010, Personal Care, Drug and Grocery Stores;45201010, Food Retailers and Wholesalers;25%;;;;;44.40%;4 unit;9 unit;6,812 GWh;
AKZO NOBEL;EUR;11.311B;;;;;;;27%;7%;Stock;Ordinary Shares;Euronext Amsterdam;NL0013267909;55, Basic Materials;5520, Chemicals;552010, Chemicals;55201020, Specialty Chemicals;;;;;2.5 unit;37.50%;3 unit;8 unit;5,920 terajoule;
ARCELORMITTAL SA;EUR;20.331B;;;;;;3,373.201 Ton / Million (USD);;;Stock;Ordinary Shares;Euronext Amsterdam;LU1598757687;55, Basic Materials;5510, Basic Resources;551020, Industrial Metals and Mining;55102010, Iron and Steel;15.70%;;;;;30%;3 unit;10 unit;1,392,000,000 gigajoule;
ASM International N.V.;EUR;27.146B;;;;;; Ton / Million (EUR);17%;6.20%;Stock;Ordinary Shares;Euronext Amsterdam;NL0000334118;10, Technology;1010, Technology;101020, Technology Hardware and Equipment;10102020, Production Technology Equipment;;2%;;;;50%;3 unit;6 unit;87,370 MWh;
ASML HOLDING;EUR;334.732B;;;;;;53.8487 Ton / Million (EUR);20%;;Stock;Ordinary Shares;Euronext Amsterdam;NL0010273215;10, Technology;1010, Technology;101020, Technology Hardware and Equipment;10102020, Production Technology Equipment;; %;;;60 unit;44.44%;4 unit;9 unit;1,729 terajoule;
ASR NEDERLAND;EUR;9.624B;;;;;;;;;Stock;Ordinary Shares;Euronext Amsterdam;NL0011872643;30, Financials;3030, Insurance;303020, Non-life Insurance;30302010, Full Line Insurance;;;;;;;;;;
BE Semiconductor Industries N.V.;EUR;11.255B;;;;;15.2;1.31 Ton / Million (EUR);17%;;Stock;Ordinary Shares;Euronext Amsterdam;NL0012866412;10, Technology;1010, Technology;101020, Technology Hardware and Equipment;10102010, Semiconductors;17%;;;;31 unit;40%;2 unit;5 unit;22 GWh;
DSM FIRMENICH AG;EUR;27.126B;;;;;;;37%;3.60%;Stock;Ordinary Shares;Euronext Amsterdam;CH1216478797;45, Consumer Staples;4510, Food, Beverage and Tobacco;451020, Food Producers;45102020, Food Products;33.33%; %;;; unit;33.33%;4 unit;12 unit;;
EXOR;EUR;22.452B;;;;;;0.0282 Ton / Million (EUR);50%;;Stock;Ordinary Shares;Euronext Amsterdam;NL0012059018;30, Financials;3020, Financial Services;302020, Investment Banking and Brokerage Services;30202000, Diversified Financial Services;50%;;;;;33.33%;3 unit;9 unit;;
HEINEKEN;EUR;50.815B;;;;;;210.222 Ton / Million (EUR);24%;;Stock;Ordinary Shares;Euronext Amsterdam;NL0000009165;45, Consumer Staples;4510, Food, Beverage and Tobacco;451010, Beverages;45101010, Brewers;28%;;;;6.24 unit;44.44%;4 unit;9 unit;7,009 GWh;
IMCD;EUR;8.719B;;;;;;36.32 Ton / Million (EUR);54%;;Stock;Ordinary Shares;Euronext Amsterdam;NL0010801007;55, Basic Materials;5520, Chemicals;552010, Chemicals;55201020, Specialty Chemicals;14%;;;;14 unit;40%;2 unit;5 unit;128,186 gigajoule;
ING GROEP N.V.;EUR;49.888B;;;;;;; %;;Stock;Ordinary Shares;Euronext Amsterdam;NL0011821202;30, Financials;3010, Banks;301010, Banks;30101010, Banks;33.30%; %;;;;33.30%;3 unit;9 unit; MWh;
KPN KON;EUR;13.417B;;;;;;45.2565 Ton / Million (EUR);22.10%;;Stock;Ordinary Shares;Euronext Amsterdam;NL0000009082;15, Telecommunications;1510, Telecommunications;151020, Telecommunications Service Providers;15102015, Telecommunications Services;;2.20%;;;37.2 unit;50%;4 unit;8 unit;2,036,000 terajoule;
NN GROUP;EUR;12.189B;;;;;;0.37 Ton / Million (EUR);50%;;Stock;Ordinary Shares;Euronext Amsterdam;NL0010773842;30, Financials;3030, Insurance;303010, Life Insurance;30301010, Life Insurance;40%;28%;;;;42.90%;3 unit;7 unit;33,000 MWh;
KON.PHILIPS N.V.;EUR;17.211B;;;;;;;;;Stock;Ordinary Shares;Euronext Amsterdam;NL0000009538;20, Health Care;2010, Health Care;201020, Medical Equipment and Services;20102010, Medical Equipment;;;;;;;;;;
PROSUS;EUR;74.011B;;;;;;0.2568 Ton / Million (USD);42.90%;;Stock;Ordinary Shares;Euronext Amsterdam;NL0013654783;10, Technology;1010, Technology;101010, Software and Computer Services;10101020, Consumer Digital Services;;;;; unit;37.50%;6 unit;16 unit;94,795 MWh;
Randstad N.V.;EUR;8.738B;;;;;;20.2815 Ton / Million (EUR);67%;;Stock;Ordinary Shares;Euronext Amsterdam;NL0000379121;50, Industrials;5020, Industrial Goods and Services;502050, Industrial Support Services;50205025, Business Training and Employment Agencies;23%;;;28.15%;18.6 unit;42.86%;3 unit;7 unit;;
RELX;EUR;74.338B;;;;;;0.8505 Ton / Million (GBP);50%;8.40%;Stock;Ordinary Shares;Euronext Amsterdam;GB00B2B0DG97;40, Consumer Discretionary;4030, Media;403010, Media;40301030, Publishing;31%;;;;13.86 unit;40%;4 unit;10 unit;110,750 MWh;
SHELL PLC;EUR;218.297B;;;;;;4,267.5616 Ton / Million (USD);33%;5%;Stock;Ordinary Shares;Euronext Amsterdam;GB00BP6MXD84;60, Energy;6010, Energy;601010, Oil, Gas and Coal;60101000, Integrated Oil and Gas;30.40%;20.70%;;;;54.55%;6 unit;11 unit;199,000,000 MWh;
UNIVERSAL MUSIC GROUP;EUR;49.190B;;;;;;;;;Stock;Ordinary Shares;Euronext Amsterdam;NL0015000IY2;40, Consumer Discretionary;4030, Media;403010, Media;40301010, Entertainment;;;;;;;;;;
UNILEVER PLC;EUR;116.539B;;;;;;0 Million tons / Million (EUR);36%;;Stock;Ordinary Shares;Euronext Amsterdam;GB00B10RZP78;45, Consumer Staples;4520, Personal Care, Drug and Grocery Stores;452010, Personal Care, Drug and Grocery Stores;45201020, Personal Products;23%;;;;;38.46%;5 unit;13 unit;6,609,692,000 kWh;
WOLTERS KLUWER;EUR;35.202B;;;;;;;;;Stock;Ordinary Shares;Euronext Amsterdam;NL0000395903;40, Consumer Discretionary;4030, Media;403010, Media;40301030, Publishing;;;;;;;;;;
AB INBEV;EUR;97.336B;;;;;;142.249 Ton / Million (USD);22%;;Stock;Ordinary Shares;Euronext Brussels;BE0974293251;45, Consumer Staples;4510, Food, Beverage and Tobacco;451010, Beverages;45101010, Brewers;28%;;;;;33.33%;5 unit;15 unit;55,450,000 gigajoule;
ACKERMANS V.HAAREN;EUR;5.336B;;;;;7.9;0.03 Ton / Million (EUR);44.90%;;Stock;Ordinary Shares;Euronext Brussels;BE0003764785;30, Financials;3020, Financial Services;302020, Investment Banking and Brokerage Services;30202000, Diversified Financial Services;14.30%;;;;;33.30%;4 unit;12 unit;;
AEDIFICA;EUR;2.748B;;;;;;8.7965 Ton / Million (EUR);37.19%;;Stock;Ordinary Shares;Euronext Brussels;BE0003851681;35, Real Estate;3510, Real Estate;351020, Real Estate Investment Trusts;35102010, Health Care REITs;20%;19%;;;20.2 unit;41.67%;5 unit;12 unit;241,138,489 kWh;
AGEAS;EUR;8.105B;;;;;;;;;Stock;Ordinary Shares;Euronext Brussels;BE0974264930;30, Financials;3030, Insurance;303010, Life Insurance;30301010, Life Insurance;;;;;;;;;;
ARGENX SE;EUR;20.325B;;;;;;;63%;4.27%;Stock;Ordinary Shares;Euronext Brussels;NL0010832176;20, Health Care;2010, Health Care;201030, Pharmaceuticals and Biotechnology;20103010, Biotechnology;39%;;;;;33.33%;3 unit;9 unit;1,346,361 kWh;
COFINIMMO;EUR;2.289B;B;;AA;;11.2 (low risk);9 Ton / Million (EUR);53%;;Stock;Ordinary Shares;Euronext Brussels;BE0003593044;35, Real Estate;3510, Real Estate;351020, Real Estate Investment Trusts;35102010, Health Care REITs;40%; %;;;40.5 unit;30.80%;4 unit;13 unit;260,619 MWh;
D'IETEREN GROUP;EUR;11.043B;;;;;11.3;7.9484 Ton / Million (EUR);50%;;Stock;Ordinary Shares;Euronext Brussels;BE0974259880;40, Consumer Discretionary;4010, Automobiles and Parts;401010, Automobiles and Parts;40101010, Auto Services;23%;;;;33.9 unit;30%;3 unit;10 unit;453.3 MWh;
ELIA GROUP;EUR;6.823B;;;;;;174.0501 Ton / Million (EUR);22.90%;;Stock;Ordinary Shares;Euronext Brussels;BE0003822393;65, Utilities;6510, Utilities;651010, Electricity;65101015, Conventional Electricity;22.90%;;;;18.46 unit;28.57%;4 unit;14 unit;;
GALAPAGOS;EUR;1.778B;;;;;;16.59 Ton / Million (EUR);56%;12%;Stock;Ordinary Shares;Euronext Amsterdam;BE0003818359;20, Health Care;2010, Health Care;201030, Pharmaceuticals and Biotechnology;20103010, Biotechnology;43%;;;;;33.30%;3 unit;9 unit;18,687 MWh;
GBL;EUR;10.247B;;;;;9.2;131,153.8842 Ton / Million (EUR);71%;;Stock;Ordinary Shares;Euronext Brussels;BE0003797140;30, Financials;3020, Financial Services;302020, Investment Banking and Brokerage Services;30202000, Diversified Financial Services;25%;;;;9.5 unit;38.46%;5 unit;13 unit;;
KBC;EUR;29.211B;;;;;;;57%;;Stock;Ordinary Shares;Euronext Brussels;BE0003565737;30, Financials;3010, Banks;301010, Banks;30101010, Banks;14%;;;; unit;37.50%;6 unit;16 unit;138,597,150 kWh;
LOTUS BAKERIES;EUR;7.352B;;;;;;;51%;;Stock;Ordinary Shares;Euronext Brussels;BE0003604155;45, Consumer Staples;4510, Food, Beverage and Tobacco;451020, Food Producers;45102020, Food Products;44%;;;;15 unit;30%;3 unit;10 unit;184,477 MWh;
MELEXIS;;;;;;;;;;;Stock;Ordinary Shares;Euronext Brussels;BE0165385973;10, Technology;1010, Technology;101020, Technology Hardware and Equipment;10102010, Semiconductors;;;;;;;;;;
SOFINA;;;;;;;;;;;Stock;Ordinary Shares;Euronext Brussels;BE0003717312;30, Financials;3020, Financial Services;302020, Investment Banking and Brokerage Services;30202010, Asset Managers and Custodians;;;;;;;;;;
SOLVAY;EUR;3.245B;;;;;;2,649.5661 Ton / Million (EUR);24%;;Stock;Ordinary Shares;Euronext Brussels;BE0003470755;55, Basic Materials;5520, Chemicals;552010, Chemicals;55201000, Chemicals: Diversified;26.50%;4%;;;12.1 unit;46.67%;7 unit;15 unit;127,000 terajoule;
SYENSQO;EUR;9.349B;;;;;;;;;Stock;Ordinary Shares;Euronext Brussels;BE0974464977;55, Basic Materials;5510, Basic Resources;551010, Industrial Materials;55101000, Diversified Materials;;;;;;;;;;
UCB;EUR;23.341B;;;;;;5.5253 Ton / Million (EUR);51.12%;5.40%;Stock;Ordinary Shares;Euronext Brussels;BE0003739530;20, Health Care;2010, Health Care;201030, Pharmaceuticals and Biotechnology;20103015, Pharmaceuticals;38%;;;;36 unit;38.46%;5 unit;13 unit;932,600 gigajoule;
UMICORE;EUR;5.204B;;;;;;821.9888 Ton / Million (EUR);23.45%;6.53%;Stock;Ordinary Shares;Euronext Brussels;BE0974320526;55, Basic Materials;5520, Chemicals;552010, Chemicals;55201020, Specialty Chemicals;13.69%;;;;46.6 unit;40%;4 unit;10 unit;7,300 terajoule;
WAREHOUSES DE PAUW;EUR;5.481B;B;;;;;30.2201 Ton / Million (EUR);43%;2%;Stock;Ordinary Shares;Euronext Brussels;BE0974349814;35, Real Estate;3510, Real Estate;351020, Real Estate Investment Trusts;35102020, Industrial REITs;0%;1.44%;;;23.55 unit;33.33%;2 unit;6 unit;368,487,596 MWh;
ALTRI SGPS;EUR;1.011B;A-;;;;;262.8806 Ton / Million (EUR);18%;;Stock;Ordinary Shares;Euronext Lisbon;PTALT0AE0002;55, Basic Materials;5510, Basic Resources;551010, Industrial Materials;55101015, Paper;24%;;;;29 unit;33.33%;4 unit;12 unit;16,946,797 gigajoule;
B.C.P.-BCO COMERCIAL PORTUGUES;EUR;4.737B;;;;;;;55%;;Stock;Ordinary Shares;Euronext Lisbon;PTBCP0AM0015;30, Financials;3010, Banks;301010, Banks;30101010, Banks;25%;;;1.40%;45 unit;23.53%;4 unit;17 unit;312 terajoule;
Corticeira Amorim-SGPS;EUR;1.289B;;;;;;167.8415 Ton / Million (EUR);26%;;Stock;Ordinary Shares;Euronext Lisbon;PTCOR0AE0006;50, Industrials;5020, Industrial Goods and Services;502030, General Industrials;50203030, Containers and Packaging;26%;0.13%;;;18 unit;40%;4 unit;10 unit;1,815,871 gigajoule;
CTT-CORREIOS DE PORTUGAL, SA;EUR;651.935M;;;;;;19.34 Ton / Million (EUR);39%;;Stock;Ordinary Shares;Euronext Lisbon;PTCTT0AM0001;50, Industrials;5020, Industrial Goods and Services;502060, Industrial Transportation;50206040, Delivery Services;39.90%;1%;;2.30%;12.5 unit;36.40%;4 unit;11 unit;363,427 terajoule;
EDP;EUR;15.238B;;;;;19.4 (Low risk);281.88 Ton / Million (EUR);29%;5.80%;Stock;Ordinary Shares;Euronext Lisbon;PTEDP0AM0009;65, Utilities;6510, Utilities;651010, Electricity;65101010, Alternative Electricity;40%;;;0%;28.9 unit;37.50%;6 unit;16 unit;74,858 terajoule;
EDP RENOVAVEIS;EUR;13.281B;;;;;16.2 (Low Risk);85.89 Ton / Million (EUR);34%;14.20%;Stock;Ordinary Shares;Euronext Lisbon;ES0127797019;65, Utilities;6510, Utilities;651010, Electricity;65101010, Alternative Electricity;0%;;;1.40%;29 unit;41.70%;5 unit;12 unit;400,476 gigajoule;
GALP ENERGIA-NOM;EUR;11.504B;;;;;;;45%;;Stock;Ordinary Shares;Euronext Lisbon;PTGAL0AM0009;60, Energy;6010, Energy;601010, Oil, Gas and Coal;60101000, Integrated Oil and Gas;25%;19%;;; unit;27.78%;5 unit;18 unit;;
GREENVOLT ENERGIAS RENOVAVEIS S.A.;EUR;1.156B;;;;;;31.2345 Ton / Million (EUR);40%;;Stock;Ordinary Shares;Euronext Lisbon;PTGNV0AM0001;65, Utilities;6510, Utilities;651010, Electricity;65101010, Alternative Electricity;;;;;;36.36%;4 unit;11 unit;9,638,879 gigajoule;
Ibersol-SGPS;EUR;296.517M;;;;;;29.6425 Ton / Million (EUR);53%;;Stock;Ordinary Shares;Euronext Lisbon;PTIBS0AM0008;40, Consumer Discretionary;4050, Travel and Leisure;405010, Travel and Leisure;40501040, Restaurants and Bars;;;;; unit;40%;2 unit;5 unit;75,565,473 kWh;
J.MARTINS,SGPS;EUR;11.271B;;;;;;1,650.7916 Ton / Million (EUR);75.96%;;Stock;Ordinary Shares;Euronext Lisbon;PTJMT0AE0001;45, Consumer Staples;4520, Personal Care, Drug and Grocery Stores;452010, Personal Care, Drug and Grocery Stores;45201010, Food Retailers and Wholesalers;66.90%;2.20%;;1.80%;55.88 unit;36.36%;4 unit;11 unit;7,490,850 gigajoule;
MOTA ENGIL;EUR;1.314B;;;;;;1,311.76 Ton / Million (EUR);14%;;Stock;Ordinary Shares;Euronext Lisbon;PTMEN0AE0005;50, Industrials;5010, Construction and Materials;501010, Construction and Materials;50101010, Construction;1%;;;;11.1 unit;46.67%;7 unit;15 unit;6,793,430 gigajoule;
NOS, SGPS, SA;EUR;1.870B;;;;;;0.13 Ton / Thousand (EUR);40.88%;;Stock;Ordinary Shares;Euronext Lisbon;PTZON0AM0006;15, Telecommunications;1510, Telecommunications;151020, Telecommunications Service Providers;15102015, Telecommunications Services;14.29%;;;1%;19.16 unit;33.33%;5 unit;15 unit;212,772 MWh;
REN;EUR;1.468B;;;;;;61.9923 Ton / Million (EUR);25.30%;;Stock;Ordinary Shares;Euronext Lisbon;PTREL0AM0008;65, Utilities;6510, Utilities;651010, Electricity;65101015, Conventional Electricity;29%;1.70%;;;52 unit;35.71%;5 unit;14 unit;3,579,369 gigajoule;
SEMAPA;EUR;1.232B;;;;;;;15.90%;;Stock;Ordinary Shares;Euronext Lisbon;PTSEM0AM0004;55, Basic Materials;5510, Basic Resources;551010, Industrial Materials;55101015, Paper;17.60%;;;;29 unit;37.50%;3 unit;8 unit;58,204,219 gigajoule;
SONAE;EUR;1.806B;;;;;19;1,096.1479 Ton / Million (EUR);66%;25%;Stock;Ordinary Shares;Euronext Lisbon;PTSON0AM0001;45, Consumer Staples;4520, Personal Care, Drug and Grocery Stores;452010, Personal Care, Drug and Grocery Stores;45201010, Food Retailers and Wholesalers;;1.15%;;0.67%;21.53 unit;30%;3 unit;10 unit;2,902,047 gigajoule;
THE NAVIGATOR COMP;EUR;2.809B;;;;;;776.9302 Ton / Million (EUR);17.05%;;Stock;Ordinary Shares;Euronext Lisbon;PTPTI0AM0006;55, Basic Materials;5510, Basic Resources;551010, Industrial Materials;55101015, Paper;;;;;41 unit;23.08%;3 unit;13 unit;41,165,471 gigajoule;
AIB GROUP PLC;EUR;13.225B;;;;;;;;;Stock;Ordinary Shares;Euronext Dublin;IE00BF0L3536;30, Financials;3010, Banks;301010, Banks;30101010, Banks;37%;18.90%;;;30.8 unit;40%;6 unit;15 unit; MWh;
BANK OF IRELAND GROUP PLC;EUR;10.508B;;;;;;; %;;Stock;Ordinary Shares;Euronext Dublin;IE00BD1RP616;30, Financials;3010, Banks;301010, Banks;30101010, Banks;46%;;;; unit;36.36%;4 unit;11 unit; kWh;
CAIRN HOMES PLC;EUR;1.053B;;;;;;;25%;;Stock;Ordinary Shares;Euronext Dublin;IE00BWY4ZF18;40, Consumer Discretionary;4020, Consumer Products and Services;402020, Household Goods and Home Construction;40202010, Home Construction;20%;19.50%;;;;33.30%;3 unit;9 unit;13,050,001 kWh;
CORRE ENERGY B.V.;EUR;61.579M;;;;;;;;;Stock;Ordinary Shares;Euronext Growth Dublin;NL0015000DY3;60, Energy;6010, Energy;601020, Alternative Energy;60102020, Renewable Energy Equipment;;;;;;0%;0 unit;4 unit;;
CRH PLC;EUR;50.000K;;;;;;;;;Stock;Preferred Shares;Euronext Growth Dublin;IE0001827264;50, Industrials;5010, Construction and Materials;501010, Construction and Materials;50101030, Cement;;;;;;;;;;
DALATA HOTEL GROUP PLC;EUR;938.536M;;;;;22;63.1643 Ton / Million (EUR); %;;Stock;Ordinary Shares;Euronext Dublin;IE00BJMZDW83;40, Consumer Discretionary;4050, Travel and Leisure;405010, Travel and Leisure;40501025, Hotels and Motels;45%;7%;;;10 unit;62.50%;5 unit;8 unit;499,143 gigajoule;
DATALEX PLC;EUR;63.689M;;;;;;;27.11%;;Stock;Ordinary Shares;Euronext Growth Dublin;IE0000527006;10, Technology;1010, Technology;101010, Software and Computer Services;10101015, Software;41.67%;;;;;0%;0 unit;7 unit;;
DONEGAL INVESTMENT GROUP PLC;EUR;25.070M;;;;;;;;;Stock;Ordinary Shares;Euronext Growth Dublin;IE000TIRQBE1;45, Consumer Staples;4510, Food, Beverage and Tobacco;451020, Food Producers;45102010, Farming, Fishing, Ranching and Plantations;;;;;;0%;0 unit;5 unit;;
FBD HOLDINGS PLC;;;;;;;;76.78 Ton / Million (EUR);61%;;Stock;Ordinary Shares;Euronext Dublin;IE0003290289;30, Financials;3030, Insurance;303020, Non-life Insurance;30302010, Full Line Insurance;30%;28%;;;;27.30%;3 unit;11 unit;;
FD TECHNOLOGIES PLC;EUR;418.663M;;;;;;;30%;;Stock;Ordinary Shares;Euronext Growth Dublin;GB0031477770;10, Technology;1010, Technology;101010, Software and Computer Services;10101010, Computer Services;;;;;;28.57%;2 unit;7 unit;702,325 kWh;
GLANBIA PLC;EUR;4.690B;;;;;;;27%;;Stock;Ordinary Shares;Euronext Dublin;IE0000669501;45, Consumer Staples;4510, Food, Beverage and Tobacco;451020, Food Producers;45102020, Food Products;38%;1%;;;;35.71%;5 unit;14 unit;;
GLENVEAGH PROPERTIES PLC;EUR;738.907M;;;;;;0.36 Ton / Thousand (EUR);30%;;Stock;Ordinary Shares;Euronext Dublin;IE00BD6JX574;40, Consumer Discretionary;4020, Consumer Products and Services;402020, Household Goods and Home Construction;40202010, Home Construction;;;;;19 unit;28.57%;2 unit;7 unit;;
GREAT WESTERN MINING CORPORATION PLC;EUR;3.548M;;;;;;;;;Stock;Ordinary Shares;Euronext Growth Dublin;IE00B1FR8863;55, Basic Materials;5510, Basic Resources;551020, Industrial Metals and Mining;55102000, General Mining;;;;;;16.67%;1 unit;6 unit;;
GREENCOAT RENEWABLES PLC;EUR;975.759M;;;;;;;;;Stock;Ordinary Shares;Euronext Growth Dublin;IE00BF2NR112;65, Utilities;6510, Utilities;651010, Electricity;65101010, Alternative Electricity;;;;;;;;;;
IRISH CONTINENTAL GROUP PLC;EUR;824.150M;;;;;;;39%;;Stock;Units;Euronext Dublin;IE00BLP58571;50, Industrials;5020, Industrial Goods and Services;502060, Industrial Transportation;50206030, Marine Transportation;;;;;;33.33%;2 unit;6 unit;6,735,200 gigajoule;
IRISH RESIDENTIAL PROPERTIES REIT PLC;EUR;528.520M;;;;;;;49%;;Stock;Ordinary Shares;Euronext Dublin;IE00BJ34P519;35, Real Estate;3510, Real Estate;351020, Real Estate Investment Trusts;35102040, Residential REITs;;;;;41 unit;33.33%;3 unit;9 unit;750,823 kWh;
KENMARE RESOURCES PLC;EUR;358.697M;;;;;;366.86 Ton / Million (USD);16%;;Stock;Ordinary Shares;Euronext Dublin;IE00BDC5DG00;55, Basic Materials;5510, Basic Resources;551020, Industrial Metals and Mining;55102000, General Mining;18%;;;;44.5 unit;33.30%;3 unit;9 unit;435,903 MWh;
KERRY GROUP PLC;EUR;13.733B;;;;;;;32.60%;;Stock;Ordinary Shares;Euronext Dublin;IE0004906560;45, Consumer Staples;4510, Food, Beverage and Tobacco;451020, Food Producers;45102020, Food Products;24%;;;;7 unit;42.90%;6 unit;14 unit;3,235,078 MWh;
KINGSPAN GROUP PLC;EUR;14.834B;A;;;;18.2;662.0541 Ton / Million (EUR);21%;;Stock;Ordinary Shares;Euronext Dublin;IE0004927939;50, Industrials;5010, Construction and Materials;501010, Construction and Materials;50101035, Building Materials: Other;31%;;;;;36.36%;4 unit;11 unit;836.5 GWh;
MALIN CORPORATION PLC;EUR;105.312M;;;;;;;;;Stock;Ordinary Shares;Euronext Growth Dublin;IE00BVGC3741;20, Health Care;2010, Health Care;201030, Pharmaceuticals and Biotechnology;20103015, Pharmaceuticals;;;;;;33.30%;2 unit;6 unit;;
MINCON GROUP PLC;EUR;104.111M;;;;;;;;;Stock;Ordinary Shares;Euronext Growth Dublin;IE00BD64C665;50, Industrials;5020, Industrial Goods and Services;502040, Industrial Engineering;50204000, Machinery: Industrial;;;;;;25%;2 unit;8 unit;;
ORIGIN ENTERPRISES PLC;EUR;349.602M;B;;;;Low Risk;56,791.5952 Ton / Million (EUR);27%;;Stock;Ordinary Shares;Euronext Growth Dublin;IE00B1WV4493;45, Consumer Staples;4510, Food, Beverage and Tobacco;451020, Food Producers;45102010, Farming, Fishing, Ranching and Plantations;25%;;;;;33.33%;3 unit;9 unit;12,314 MWh;
OVOCA BIO PLC;EUR;530.753K;;;;;;;;;Stock;Ordinary Shares;Euronext Growth Dublin;IE00B4XVDC01;20, Health Care;2010, Health Care;201030, Pharmaceuticals and Biotechnology;20103010, Biotechnology;;;;;;50%;2 unit;4 unit;;
PERMANENT TSB GROUP HOLDINGS PLC;EUR;862.031M;;;;;;;;;Stock;Ordinary Shares;Euronext Dublin;IE00BWB8X525;30, Financials;3010, Banks;301010, Banks;30101010, Banks;;;;;;;;;;
RYANAIR HOLDINGS PLC;EUR;23.428B;;;;;23.4;824.8105 Ton / Million (EUR);42%;;Stock;Ordinary Shares;Euronext Dublin;IE00BYTBXV33;40, Consumer Discretionary;4050, Travel and Leisure;405010, Travel and Leisure;40501010, Airlines;;;;;;38.46%;5 unit;13 unit;;
SMURFIT KAPPA GROUP PLC;EUR;10.653B;;;;;;;;;Stock;Ordinary Shares;Euronext Dublin;IE00B1RR8406;50, Industrials;5020, Industrial Goods and Services;502030, General Industrials;50203030, Containers and Packaging;;;;;;;;;;
UNIPHAR PLC;EUR;707.110M;;;;;;;;;Stock;Ordinary Shares;Euronext Growth Dublin;IE00BJ5FQX74;45, Consumer Staples;4520, Personal Care, Drug and Grocery Stores;452010, Personal Care, Drug and Grocery Stores;45201015, Drug Retailers;;;;;;;;;;
AKER BP;NOK;179.874B;A-;;;;34.7;2,572.4275 Ton / Million (USD);;;Stock;Ordinary Shares;Oslo Børs;NO0010345853;60, Energy;6010, Energy;601010, Oil, Gas and Coal;60101010, Oil: Crude Producers;;;;;23.3 unit;33.33%;4 unit;12 unit;18,305,758 gigajoule;
BW LPG;NOK;20.020B;C;;;;Low Risk;;40%;12%;Stock;Ordinary Shares;Oslo Børs;BMG173841013;50, Industrials;5020, Industrial Goods and Services;502060, Industrial Transportation;50206030, Marine Transportation;17%;;;;10.6 unit;60%;3 unit;5 unit;16,533.2 terajoule;
DNB BANK ASA;NOK;325.954B;;;;;;;46.20%;;Stock;Ordinary Shares;Oslo Børs;NO0010161896;30, Financials;3010, Banks;301010, Banks;30101010, Banks;41.70%; %;;;;50%;5 unit;10 unit;;
EQUINOR;NOK;902.133B;;;;;;2,061.02 Ton / Million (USD);32%;;Stock;Ordinary Shares;Oslo Børs;NO0010096985;60, Energy;6010, Energy;601010, Oil, Gas and Coal;60101000, Integrated Oil and Gas;36%;;;;;40%;4 unit;10 unit;;
FRONTLINE PLC;NOK;57.615B;;;;;;;26.32%;;Stock;Ordinary Shares;Oslo Børs;CY0200352116;50, Industrials;5020, Industrial Goods and Services;502060, Industrial Transportation;50206030, Marine Transportation;;;;;;0%;0 unit;6 unit;;
GOLDEN OCEAN GROUP;NOK;28.978B;;;;;;622.17 Ton / Million (USD);34.20%;;Stock;Ordinary Shares;Oslo Børs;BMG396372051;50, Industrials;5020, Industrial Goods and Services;502060, Industrial Transportation;50206030, Marine Transportation;;;;;;0%;0 unit;5 unit;21,483,634 gigajoule;
HAFNIA LIMITED;NOK;41.254B;;;;;;;5.36%;;Stock;Ordinary Shares;Oslo Børs;BMG4233B1090;50, Industrials;5020, Industrial Goods and Services;502060, Industrial Transportation;50206030, Marine Transportation;17%;;;;16.3 unit;16.67%;1 unit;6 unit;24,053,927,774 megajoule;
HOEGH AUTOLINERS ASA;NOK;18.648B;;;;;;776.2357 Ton / Million (USD);46%;7.85%;Stock;Ordinary Shares;Oslo Børs;NO0011082075;50, Industrials;5020, Industrial Goods and Services;502060, Industrial Transportation;50206030, Marine Transportation;29%;;;;;42.86%;3 unit;7 unit;;
KONGSBERG GRUPPEN;NOK;131.062B;;;;;;206.86 Ton / Million (NOK);21.60%;5.30%;Stock;Ordinary Shares;Oslo Børs;NO0003043309;50, Industrials;5020, Industrial Goods and Services;502030, General Industrials;50203000, Diversified Industrials;21%;8%;;;;50%;4 unit;8 unit;174,434 MWh;
MOWI;NOK;95.174B;;;;;;210.91 Ton / Million (EUR);40%;;Stock;Ordinary Shares;Oslo Børs;NO0003054108;45, Consumer Staples;4510, Food, Beverage and Tobacco;451020, Food Producers;45102010, Farming, Fishing, Ranching and Plantations;25%;;;1.60%;13.9 unit;44.40%;4 unit;9 unit;3,279 terajoule;
MPC CONTAINER SHIPS;NOK;5.781B;;;;;;2,637.81 Ton / Million (USD);36.40%;;Stock;Ordinary Shares;Oslo Børs;NO0010791353;50, Industrials;5020, Industrial Goods and Services;502060, Industrial Transportation;50206030, Marine Transportation;;;;;;40%;2 unit;5 unit;21,352,958 gigajoule;
NEL;NOK;7.902B;;;;;;1.5834 Ton / Million (NOK);20.50%;;Stock;Ordinary Shares;Oslo Børs;NO0010081235;60, Energy;6010, Energy;601020, Alternative Energy;60102020, Renewable Energy Equipment;11.10%;15%;;;7.2 unit;42.86%;3 unit;7 unit;16,729 MWh;
NORDIC SEMICONDUCTOR;NOK;17.524B;;;;;;28.36 Ton / Million (USD);17.10%;;Stock;Ordinary Shares;Oslo Børs;NO0003055501;10, Technology;1010, Technology;101020, Technology Hardware and Equipment;10102010, Semiconductors;20%;;;;;40%;4 unit;10 unit;5,177 MWh;
NORSK HYDRO;NOK;145.212B;;;;;17,8 (low risk);117.16 Ton / Million (NOK); %;;Stock;Ordinary Shares;Oslo Børs;NO0005052605;55, Basic Materials;5510, Basic Resources;551020, Industrial Metals and Mining;55102035, Aluminum; %;;; %; unit;36.40%;4 unit;11 unit;45,700 GWh;
NORWEGIAN AIR SHUTTLE;NOK;15.976B;B-;;;;;0.12 Ton / Thousand (NOK);43%;;Stock;Ordinary Shares;Oslo Børs;NO0010196140;40, Consumer Discretionary;4050, Travel and Leisure;405010, Travel and Leisure;40501010, Airlines;22%;;;;;37.50%;3 unit;8 unit;;
ORKLA;NOK;79.113B;;;;;;32.57 Ton / Million (NOK);46.50%;;Stock;Ordinary Shares;Oslo Børs;NO0003733800;45, Consumer Staples;4510, Food, Beverage and Tobacco;451020, Food Producers;45102020, Food Products;40.20%;;;;12.4 unit;45.50%;5 unit;11 unit;1,005 GWh;
PGS;NOK;8.451B;;;;;;0 Kiloton / Thousand (USD);30%;;Stock;Ordinary Shares;Oslo Børs;NO0010199151;60, Energy;6010, Energy;601010, Oil, Gas and Coal;60101030, Oil Equipment and Services;;;;;13.7 unit;50%;5 unit;10 unit;1,061 GWh;
SALMAR;NOK;86.155B;;;;;;14.3287 Ton / Million (NOK);28%;;Stock;Ordinary Shares;Oslo Børs;NO0010310956;45, Consumer Staples;4510, Food, Beverage and Tobacco;451020, Food Producers;45102010, Farming, Fishing, Ranching and Plantations;14%;;;;;42.86%;3 unit;7 unit;1,058 terajoule;
STOREBRAND;NOK;44.222B;;;;;;0.0074 Ton / Million (NOK);46%;;Stock;Ordinary Shares;Oslo Børs;NO0003053605;30, Financials;3030, Insurance;303010, Life Insurance;30301010, Life Insurance;56%;16%;;;6 unit;50%;5 unit;10 unit;145 kWh;
SUBSEA 7;NOK;54.286B;;;;;;152.0874 Ton / Million (USD);17%;8.20%;Stock;Ordinary Shares;Oslo Børs;LU0075646355;60, Energy;6010, Energy;601010, Oil, Gas and Coal;60101030, Oil Equipment and Services;29%;;;;13.08 unit;14.29%;1 unit;7 unit;7,823,374.1 gigajoule;
TELENOR;NOK;170.314B;;;;;;0.01 Kiloton / Million (NOK);38%;;Stock;Ordinary Shares;Oslo Børs;NO0010063308;15, Telecommunications;1510, Telecommunications;151020, Telecommunications Service Providers;15102015, Telecommunications Services;;;;;;50%;5 unit;10 unit;2,791 GWh;
TGS ASA;NOK;17.218B;;;;;;0.07 Ton / Thousand (USD);54.55%;;Stock;Ordinary Shares;Oslo Børs;NO0003078800;60, Energy;6010, Energy;601010, Oil, Gas and Coal;60101030, Oil Equipment and Services;29%;;;;21.6 unit;40%;2 unit;5 unit;25,329,072 kWh;
TOMRA SYSTEMS;NOK;43.074B;;;;;;29.57 Ton / Million (NOK);23%;;Stock;Ordinary Shares;Oslo Børs;NO0012470089;50, Industrials;5020, Industrial Goods and Services;502040, Industrial Engineering;50204000, Machinery: Industrial;29%;2.30%;;;;37.50%;3 unit;8 unit;2,159,283 MWh;
VÅR ENERGI ASA;NOK;94.115B;;;;;;735.2741 Ton / Million (USD);25.47%;;Stock;Ordinary Shares;Oslo Børs;NO0011202772;60, Energy;6010, Energy;601010, Oil, Gas and Coal;60101015, Offshore Drilling and Other Services;30%;6%;;;;50%;6 unit;12 unit;3,531,134 gigajoule;
YARA INTERNATIONAL;NOK;86.199B;;;;;;;;;Stock;Ordinary Shares;Oslo Børs;NO0010208051;55, Basic Materials;5520, Chemicals;552010, Chemicals;55201015, Fertilizers;;;;;;;;;;
A2A;;;;;;;;990.9946 Ton / Million (EUR);19%;8.90%;Stock;Ordinary Shares;Euronext Milan;IT0001233417;65, Utilities;6510, Utilities;651010, Electricity;65101015, Conventional Electricity;25%;;;;24 unit;41.67%;5 unit;12 unit;;
AMPLIFON;EUR;7.020B;;;;;;17.13 Ton / Million (EUR);73.30%;;Stock;Ordinary Shares;Euronext Milan;IT0004056880;20, Health Care;2010, Health Care;201020, Medical Equipment and Services;20102015, Medical Supplies;27.40%;;;4.70%;29.8 unit;55.60%;5 unit;9 unit;241,887 gigajoule;
AZIMUT;EUR;3.461B;;;;;;;46%;;Stock;Ordinary Shares;Euronext Milan;IT0003261697;30, Financials;3020, Financial Services;302020, Investment Banking and Brokerage Services;30202010, Asset Managers and Custodians;16%; %;;0.48%;5 unit;43.75%;7 unit;16 unit;10,279 gigajoule;
BANCA GENERALI;EUR;4.167B;;;;;;;49%;;Stock;Ordinary Shares;Euronext Milan;IT0001031084;30, Financials;3010, Banks;301010, Banks;30101010, Banks;37%;;;4.70%;59 unit;50%;4 unit;8 unit;11,374 gigajoule;
BANCA MEDIOLANUM;EUR;7.585B;;;;;;;49.50%;;Stock;Ordinary Shares;Euronext Milan;IT0004776628;30, Financials;3020, Financial Services;302020, Investment Banking and Brokerage Services;30202000, Diversified Financial Services;;;;;34.39 unit;46.15%;6 unit;13 unit;68,826.6 gigajoule;
BANCO BPM;EUR;9.627B;;;;;;;46.10%;;Stock;Ordinary Shares;Euronext Milan;IT0005218380;30, Financials;3010, Banks;301010, Banks;30101010, Banks;26%;;;;55 unit;40%;6 unit;15 unit;570,832.6 gigajoule;
BPER BANCA;EUR;6.252B;;;;;;;47%;1.07%;Stock;Ordinary Shares;Euronext Milan;IT0000066123;30, Financials;3010, Banks;301010, Banks;30101010, Banks;20.80%;;;;45.14 unit;53.33%;8 unit;15 unit;517,086 gigajoule;
BUZZI;EUR;6.484B;;;;;;;14.20%;;Stock;Ordinary Shares;Euronext Milan;IT0001347308;50, Industrials;5010, Construction and Materials;501010, Construction and Materials;50101030, Cement;;;;;31 unit;41.67%;5 unit;12 unit;104,757 terajoule;
;;;;;;;;;;;;;;;;;;;;;;;;;;;;
CNH INDUSTRIAL;EUR;14.686B;;;;;;;10.60%;;Stock;Ordinary Shares;Euronext Global Equity Market;NL0010545661;50, Industrials;5020, Industrial Goods and Services;502040, Industrial Engineering;50204010, Machinery: Agricultural;17%;;;1.80%;22.19 unit;44.44%;4 unit;9 unit;3,772,000 gigajoule;
DIASORIN;EUR;5.012B;;;;;;;43%;;Stock;Ordinary Shares;Euronext Milan;IT0003492391;20, Health Care;2010, Health Care;201020, Medical Equipment and Services;20102010, Medical Equipment;26.94%;10%;;;60.84 unit;40%;6 unit;15 unit;212,879 gigajoule;
ENEL;EUR;59.699B;;;;;;0.0009 Million tons / Million (EUR);23.40%;;Stock;Ordinary Shares;Euronext Milan;IT0003128367;65, Utilities;6510, Utilities;651010, Electricity;65101015, Conventional Electricity;24.90%;19.30%;;3.30%;47.4 unit;44.44%;4 unit;9 unit;;
ENI;EUR;50.023B;Water Security, 2023;;;;;2,547.3534 Ton / Million (EUR);26.86%;2.68%;Stock;Ordinary Shares;Euronext Milan;IT0003132476;60, Energy;6010, Energy;601010, Oil, Gas and Coal;60101000, Integrated Oil and Gas;17.51%;1%;;;31.1 unit;44.44%;4 unit;9 unit;517,100,000 gigajoule;
ERG;EUR;3.617B;;;;;14.1 Low Risk;26.68 Ton / Million (EUR);31%;5.40%;Stock;Ordinary Shares;Euronext Milan;IT0001157020;65, Utilities;6510, Utilities;651010, Electricity;65101010, Alternative Electricity;18%;1%;;;42.5 unit;41.70%;5 unit;12 unit;22 GWh;
;;;;;;;;;;;;;;;;;;;;;;;;;;;;
FINECOBANK;EUR;8.520B;;;;;;;;;Stock;Ordinary Shares;Euronext Milan;IT0000072170;30, Financials;3010, Banks;301010, Banks;30101010, Banks;;;;;;;;;;
GENERALI ASS;EUR;35.353B;;;;;;1.73 Ton / Million (EUR);51.10%;;Stock;Ordinary Shares;Euronext Milan;IT0000062072;30, Financials;3030, Insurance;303020, Non-life Insurance;30302010, Full Line Insurance;;14.50%;;;34.4 unit;46.20%;6 unit;13 unit;;
HERA;EUR;4.767B;;;;;;1,264.5281 Ton / Million (EUR);27.64%;2.42%;Stock;Ordinary Shares;Euronext Milan;IT0001250932;65, Utilities;6510, Utilities;651020, Gas, Water and Multi-utilities;65102000, Multi-utilities;21.60%;;;3.53%;30.8 unit;40%;6 unit;15 unit;14,333 terajoule;
INTERPUMP GROUP;EUR;4.477B;;;;;;;19.20%;;Stock;Ordinary Shares;Euronext Milan;IT0001078911;50, Industrials;5020, Industrial Goods and Services;502040, Industrial Engineering;50204000, Machinery: Industrial;11.30%;;;;10 unit;50%;5 unit;10 unit;831,735 gigajoule;
INTESA SANPAOLO;EUR;61.238B;A;;;;12.2;;53.70%;2.80%;Stock;Ordinary Shares;Euronext Milan;IT0000072618;30, Financials;3010, Banks;301010, Banks;30101010, Banks;0.50%;;;4.50%;51.4 unit;42.10%;8 unit;19 unit;3,602,151 gigajoule;
INWIT;EUR;9.463B;;;;;;18.7958 Ton / Million (EUR);38%;;Stock;Ordinary Shares;Euronext Milan;IT0005090300;15, Telecommunications;1510, Telecommunications;151020, Telecommunications Service Providers;15102015, Telecommunications Services;26%;;;;19.1 unit;45.45%;5 unit;11 unit;2,787,431 gigajoule;
ITALGAS;EUR;4.081B;;;;;;26.7793 Ton / Million (EUR);17.76%;2.10%;Stock;Ordinary Shares;Euronext Milan;IT0005211237;65, Utilities;6510, Utilities;651020, Gas, Water and Multi-utilities;65102020, Gas Distribution;18.33%;13.20%;;4.30%;35 unit;44.44%;4 unit;9 unit;472 terajoule;
IVECO GROUP;EUR;3.404B;;;;;;8,110.5393 Ton / Million (EUR);18.40%;2.90%;Stock;Ordinary Shares;Euronext Milan;NL0015000LU4;50, Industrials;5020, Industrial Goods and Services;502060, Industrial Transportation;50206015, Commercial Vehicles and Parts;18.75%;;;5.30%;11.29 unit;33.33%;3 unit;9 unit;3,052,041 gigajoule;
LEONARDO;;;;;;;;434.48 Ton / Million (EUR);19.60%;4.40%;Stock;Ordinary Shares;Euronext Milan;IT0003856405;50, Industrials;5020, Industrial Goods and Services;502010, Aerospace and Defense;50201020, Defense;16%;2%;;3.20%;24.1 unit;41.70%;5 unit;12 unit;5,311 terajoule;
MEDIOBANCA;EUR;11.542B;C;;;;15.07.1940;;42.05%;;Stock;Ordinary Shares;Euronext Milan;IT0000062957;30, Financials;3020, Financial Services;302020, Investment Banking and Brokerage Services;30202000, Diversified Financial Services;;26.14%;;;26.3 unit;40%;6 unit;15 unit;135,819.1 gigajoule;
MONCLER;;;A-;;;;Top-Rated Badge;18.2543 Ton / Million (EUR);68.80%;13.40%;Stock;Ordinary Shares;Euronext Milan;IT0004965148;40, Consumer Discretionary;4020, Consumer Products and Services;402040, Personal Goods;40204020, Clothing and Accessories;51%;;;1.20%;27.07 unit;41.67%;5 unit;12 unit;48,506,186 kWh;
NEXI;EUR;7.147B;;;;;;;42%;;Stock;Ordinary Shares;Euronext Milan;IT0005366767;50, Industrials;5020, Industrial Goods and Services;502050, Industrial Support Services;50205015, Transaction Processing Services;22.30%;19.30%;;1.74%;19.6 unit;38.46%;5 unit;13 unit;235,295.8 gigajoule;
PIRELLI & C;EUR;5.870B;;;;;;362.67 Ton / Million (EUR);15.60%;6.50%;Stock;Ordinary Shares;Euronext Milan;IT0005278236;40, Consumer Discretionary;4010, Automobiles and Parts;401010, Automobiles and Parts;40101015, Tires;13.70%;;;1.90%;177.6 unit;40%;6 unit;15 unit;10,170,405 gigajoule;
POSTE ITALIANE;EUR;15.223B;A-;;;;;3.6046 Ton / Million (EUR);53.10%;5.50%;Stock;Ordinary Shares;Euronext Milan;IT0003796171;30, Financials;3030, Insurance;303010, Life Insurance;30301010, Life Insurance;46%;0.70%;;4.27%;48 unit;44.44%;4 unit;9 unit;3,915,250 gigajoule;
PRYSMIAN;EUR;13.888B;A-;;;;low risk;18,269.58 Ton / Million (EUR);20.50%;;Stock;Ordinary Shares;Euronext Milan;IT0004176001;50, Industrials;5020, Industrial Goods and Services;502020, Electronic and Electrical Equipment;50202010, Electrical Components;18.80%;5%;;;35.7 unit;41.70%;5 unit;12 unit;9,631,104 gigajoule;
RECORDATI ORD;EUR;10.402B;B;3.9;;;;;48%;;Stock;Ordinary Shares;Euronext Milan;IT0003828271;20, Health Care;2010, Health Care;201030, Pharmaceuticals and Biotechnology;20103015, Pharmaceuticals;;10%;;;27.8 unit;41.67%;5 unit;12 unit;621,000 gigajoule;
;;;;;;;;;;;;;;;;;;;;;;;;;;;;
SNAM;EUR;14.284B;A List;score of 3.8;;;rating of 14.1;98.6156 Ton / Million (EUR);16.53%;3.80%;Stock;Ordinary Shares;Euronext Milan;IT0003153415;60, Energy;6010, Energy;601010, Oil, Gas and Coal;60101035, Pipelines;19.70%;8%;;;33.7 unit;44.44%;4 unit;9 unit;17,641 terajoule;
STELLANTIS;EUR;77.072B;;;;;;6,409.5742 Ton / Million (EUR); %; %;Stock;Ordinary Shares;Euronext Milan;NL00150001Q9;40, Consumer Discretionary;4010, Automobiles and Parts;401010, Automobiles and Parts;40101020, Automobiles; %;;;; unit;27.27%;3 unit;11 unit;15,494,891 MWh;
STMICROELECTRONICS;EUR;34.237B;;;;;;27.9849 Ton / Million (USD); %; %;Stock;Ordinary Shares;Euronext Milan;NL0000226223;10, Technology;1010, Technology;101020, Technology Hardware and Equipment;10102010, Semiconductors; %; %; unit; %; unit;44.44%;4 unit;9 unit;10,363.96 terajoule;
TELECOM ITALIA;EUR;3.357B;;;;;;124.89 Ton / Million (EUR);38%;;Stock;Ordinary Shares;Euronext Milan;IT0003497168;15, Telecommunications;1510, Telecommunications;151020, Telecommunications Service Providers;15102015, Telecommunications Services;28%;;;3%;53.75 unit;40%;6 unit;15 unit;2,671 GWh;
;;;;;;;;;;;;;;;;;;;;;;;;;;;;
TERNA;EUR;14.605B;;;;;;132.1212 Ton / Million (EUR);16.08%;1.80%;Stock;Ordinary Shares;Euronext Milan;IT0003242622;65, Utilities;6510, Utilities;651010, Electricity;65101015, Conventional Electricity;23.70%;19%;;;36 unit;46.15%;6 unit;13 unit;928,277.4 gigajoule;
;;;;;;;;;;;;;;;;;;;;;;;;;;;;
UNIPOL;EUR;5.833B;;;;;;476.3635 Ton / Million (EUR);54.30%;2.70%;Stock;Ordinary Shares;Euronext Milan;IT0004810054;30, Financials;3030, Insurance;303020, Non-life Insurance;30302010, Full Line Insurance;16.23%;9%;; %;15.72 unit;40%;6 unit;15 unit;530,790 gigajoule;
