Name;Currency;Market Cap;CDP;FTSE4Good;MSCI ESG Ratings;Moody's ESG Solution;Sustainalytics;Carbon footprint (total GHG emissions / enterprise value);Share of women in total workforce;Rate of resignation;Type;Sub type;Market;ISIN Code;Industry;SuperSector;Sector;Subsector
ACCOR;EUR;9.510B;;;;;;535.17 Ton / Million (EUR); %; %;Stock;Ordinary Shares;Euronext Paris;FR0000120404;40, Consumer Discretionary;4050, Travel and Leisure;405010, Travel and Leisure;40501025, Hotels and Motels
AIR LIQUIDE;EUR;97.870B;;;;;;;28 %;8.6 %;Stock;Ordinary Shares;Euronext Paris;FR0000120073;55, Basic Materials;5520, Chemicals;552010, Chemicals;55201020, Specialty Chemicals
AIRBUS SE;EUR;126.686B;;;;;;;20 %;;Stock;Ordinary Shares;Euronext Paris;NL0000235190;50, Industrials;5020, Industrial Goods and Services;502010, Aerospace and Defense;50201010, Aerospace
ARCELORMITTAL SA;EUR;20.050B;;;;;;3,373.201 Ton / Million (USD);;;Stock;Ordinary Shares;Euronext Amsterdam;LU1598757687;55, Basic Materials;5510, Basic Resources;551020, Industrial Metals and Mining;55102010, Iron and Steel
AXA;EUR;75.961B;;;;;;2.54 Ton / Million (EUR);;10 %;Stock;Ordinary Shares;Euronext Paris;FR0000120628;30, Financials;3030, Insurance;303020, Non-life Insurance;30302010, Full Line Insurance
BNP PARIBAS ACT.A;EUR;73.611B;;;;;;;51 %;;Stock;Ordinary Shares;Euronext Paris;FR0000131104;30, Financials;3010, Banks;301010, Banks;30101010, Banks
BOUYGUES;EUR;13.714B;;;;;;716.98 Ton / Million (EUR); %;;Stock;Ordinary Shares;Euronext Paris;FR0000120503;50, Industrials;5010, Construction and Materials;501010, Construction and Materials;50101010, Construction
CAPGEMINI;EUR;34.936B;;;;;;22.12 Ton / Million (EUR);38.8 %;;Stock;Ordinary Shares;Euronext Paris;FR0000125338;10, Technology;1010, Technology;101010, Software and Computer Services;10101010, Computer Services
CARREFOUR;EUR;11.064B;;;;;;;55 %;15.8 %;Stock;Ordinary Shares;Euronext Paris;FR0000120172;45, Consumer Staples;4520, Personal Care, Drug and Grocery Stores;452010, Personal Care, Drug and Grocery Stores;45201010, Food Retailers and Wholesalers
CREDIT AGRICOLE;EUR;41.349B;B;;;;22.7;;52.2 %;4 %;Stock;Ordinary Shares;Euronext Paris;FR0000045072;30, Financials;3010, Banks;301010, Banks;30101010, Banks
DANONE;EUR;39.677B;;;;;;;;;Stock;Ordinary Shares;Euronext Paris;FR0000120644;45, Consumer Staples;4510, Food, Beverage and Tobacco;451020, Food Producers;45102020, Food Products
DASSAULT SYSTEMES;EUR;51.275B;B;;;;;3.6589 Ton / Million (EUR);28.1 %;;Stock;Ordinary Shares;Euronext Paris;FR0014003TT8;10, Technology;1010, Technology;101010, Software and Computer Services;10101015, Software
EDENRED;EUR;11.172B;;3.7/5;;;16.8;6.16 Ton / Million (EUR);52 %;;Stock;Ordinary Shares;Euronext Paris;FR0010908533;50, Industrials;5020, Industrial Goods and Services;502050, Industrial Support Services;50205015, Transaction Processing Services
ENGIE;EUR;38.307B;;;;;;1,727.98 Ton / Million (EUR);26.5 %;5.4 %;Stock;Ordinary Shares;Euronext Paris;FR0010208488;65, Utilities;6510, Utilities;651020, Gas, Water and Multi-utilities;65102000, Multi-utilities
ESSILORLUXOTTICA;EUR;91.314B;;;;;;13.12 Ton / Million (EUR);60 %;;Stock;Ordinary Shares;Euronext Paris;FR0000121667;20, Health Care;2010, Health Care;201020, Medical Equipment and Services;20102015, Medical Supplies
EUROFINS SCIENT.;EUR;11.370B;;;;;;31.9102 Ton / Million (EUR);57 %;;Stock;Ordinary Shares;Euronext Paris;FR0014000MR3;20, Health Care;2010, Health Care;201020, Medical Equipment and Services;20102020, Medical Services
HERMES INTL;EUR;247.244B;;;;;Negligible risk |9.2;;67 %;;Stock;Ordinary Shares;Euronext Paris;FR0000052292;40, Consumer Discretionary;4020, Consumer Products and Services;402040, Personal Goods;40204020, Clothing and Accessories
KERING;EUR;42.086B;;;AAA;73/100;;39.66 Ton / Million (EUR);63 %;;Stock;Ordinary Shares;Euronext Paris;FR0000121485;40, Consumer Discretionary;4020, Consumer Products and Services;402040, Personal Goods;40204020, Clothing and Accessories
L'OREAL;EUR;223.649B;;;;;;46.06 Ton / Million (EUR);68 %;;Stock;Ordinary Shares;Euronext Paris;FR0000120321;40, Consumer Discretionary;4020, Consumer Products and Services;402040, Personal Goods;40204035, Cosmetics
LEGRAND;EUR;24.919B;;;;;;437.52 Ton / Million (EUR); %;6.6 %;Stock;Ordinary Shares;Euronext Paris;FR0010307819;50, Industrials;5020, Industrial Goods and Services;502020, Electronic and Electrical Equipment;50202010, Electrical Components
LVMH;EUR;403.126B;AAA;4/5;A;68/100;Low risk;1.88 Ton / Million (EUR);71 %;16.5 %;Stock;Ordinary Shares;Euronext Paris;FR0000121014;40, Consumer Discretionary;4020, Consumer Products and Services;402040, Personal Goods;40204020, Clothing and Accessories
MICHELIN;EUR;24.595B;;;;;;;19.9 %;5.43 %;Stock;Ordinary Shares;Euronext Paris;FR001400AJ45;40, Consumer Discretionary;4010, Automobiles and Parts;401010, Automobiles and Parts;40101015, Tires
ORANGE;EUR;28.090B;;;;;; Ton / Million (EUR);36.2 %;4.3 %;Stock;Ordinary Shares;Euronext Paris;FR0000133308;15, Telecommunications;1510, Telecommunications;151020, Telecommunications Service Providers;15102015, Telecommunications Services
PERNOD RICARD;EUR;36.249B;;;;;;76.1188 Ton / Million (EUR);40 %;8.5 %;Stock;Ordinary Shares;Euronext Paris;FR0000120693;45, Consumer Staples;4510, Food, Beverage and Tobacco;451010, Beverages;45101015, Distillers and Vintners
PUBLICIS GROUPE SA;EUR;25.787B;;;;;;10.65 Ton / Million (EUR);51.3 %;;Stock;Ordinary Shares;Euronext Paris;FR0000130577;40, Consumer Discretionary;4030, Media;403010, Media;40301020, Media Agencies
RENAULT;EUR;14.280B;;;;;;1,190.19 Ton / Million (EUR);22 %;;Stock;Ordinary Shares;Euronext Paris;FR0000131906;40, Consumer Discretionary;4010, Automobiles and Parts;401010, Automobiles and Parts;40101020, Automobiles
SAFRAN;EUR;88.315B;;;;;; Ton / Million (EUR);29.3 %;7.7 %;Stock;Ordinary Shares;Euronext Paris;FR0000073272;50, Industrials;5020, Industrial Goods and Services;502010, Aerospace and Defense;50201010, Aerospace
SAINT GOBAIN;EUR;35.999B;;;;;;810.88 Ton / Million (EUR);23.7 %;8.6 %;Stock;Ordinary Shares;Euronext Paris;FR0000125007;50, Industrials;5010, Construction and Materials;501010, Construction and Materials;50101035, Building Materials: Other
SANOFI;EUR;109.000B;;;;;;;;;Stock;Ordinary Shares;Euronext Paris;FR0000120578;20, Health Care;2010, Health Care;201030, Pharmaceuticals and Biotechnology;20103015, Pharmaceuticals
SCHNEIDER ELECTRIC SE;EUR;120.009B;;;;;;713.31 Ton / Million (EUR);33 %;8.52 %;Stock;Ordinary Shares;Euronext Paris;FR0000121972;50, Industrials;5020, Industrial Goods and Services;502020, Electronic and Electrical Equipment;50202010, Electrical Components
SOCIETE GENERALE;EUR;19.400B;;;;;;; %; %;Stock;Ordinary Shares;Euronext Paris;FR0000130809;30, Financials;3010, Banks;301010, Banks;30101010, Banks
STELLANTIS NV;EUR;76.772B;;;;;;6,409.5742 Ton / Million (EUR); %; %;Stock;Ordinary Shares;Euronext Paris;NL00150001Q9;40, Consumer Discretionary;4010, Automobiles and Parts;401010, Automobiles and Parts;40101020, Automobiles
STMICROELECTRONICS;EUR;34.665B;;;;;;27.9849 Ton / Million (USD); %; %;Stock;Ordinary Shares;Euronext Paris;NL0000226223;10, Technology;1010, Technology;101020, Technology Hardware and Equipment;10102010, Semiconductors
TELEPERFORMANCE;EUR;5.483B;;;;;;23.89 Ton / Million (EUR); %;;Stock;Ordinary Shares;Euronext Paris;FR0000051807;50, Industrials;5020, Industrial Goods and Services;502050, Industrial Support Services;50205020, Professional Business Support Services
THALES;EUR;33.024B;;;;;;;;;Stock;Ordinary Shares;Euronext Paris;FR0000121329;50, Industrials;5020, Industrial Goods and Services;502010, Aerospace and Defense;50201020, Defense
TOTALENERGIES;EUR;161.494B;;;;;;1,880.7629 Ton / Million (USD);36.3 %;9.1 %;Stock;Ordinary Shares;Euronext Paris;FR0000120271;60, Energy;6010, Energy;601010, Oil, Gas and Coal;60101000, Integrated Oil and Gas
UNIBAIL-RODAMCO-WESTFIELD;EUR;10.278B;;;;;5.8 / Negligible Risk;75.36 Ton / Million (EUR);54.2 %;9.4 %;Stock;Ordinary Shares;Euronext Paris;FR0013326246;35, Real Estate;3510, Real Estate;351020, Real Estate Investment Trusts;35102045, Retail REITs
VEOLIA ENVIRON.;EUR;20.268B;;;;;;1,305.4959 Ton / Million (EUR);22.3 %;8.6 %;Stock;Ordinary Shares;Euronext Paris;FR0000124141;65, Utilities;6510, Utilities;651020, Gas, Water and Multi-utilities;65102030, Water
VINCI;EUR;66.210B;;;;;;437.83 Ton / Million (EUR);16.8 %;10.4 %;Stock;Ordinary Shares;Euronext Paris;FR0000125486;50, Industrials;5010, Construction and Materials;501010, Construction and Materials;50101010, Construction
VIVENDI SE;EUR;10.058B;;;;;;9.9488 Ton / Million (EUR);54 %;52 %;Stock;Ordinary Shares;Euronext Paris;FR0000127771;40, Consumer Discretionary;4030, Media;403010, Media;40301035, Radio and TV Broadcasters
ABN AMRO BANK N.V.;EUR;7.569B;;;;;;;;;Stock;Cooperative Investment Certificate;Euronext Amsterdam;NL0011540547;30, Financials;3010, Banks;301010, Banks;30101010, Banks
ADYEN;EUR;44.546B;;;;;;1.45 Ton / Million (EUR);38 %;;Stock;Ordinary Shares;Euronext Amsterdam;NL0012969182;50, Industrials;5020, Industrial Goods and Services;502050, Industrial Support Services;50205015, Transaction Processing Services
AEGON;EUR;10.090B;;;;;;1.31 Ton / Million (EUR);51 %;10 %;Stock;Ordinary Shares;Euronext Amsterdam;BMG0112X1056;30, Financials;3030, Insurance;303010, Life Insurance;30301010, Life Insurance
KONINKLIJKE AHOLD DELHAIZE N.V.;EUR;25.453B;;;AAA;;26.2; Ton / Million (EUR);52 %;;Stock;Ordinary Shares;Euronext Amsterdam;NL0011794037;45, Consumer Staples;4520, Personal Care, Drug and Grocery Stores;452010, Personal Care, Drug and Grocery Stores;45201010, Food Retailers and Wholesalers
AKZO NOBEL;EUR;11.208B;;;;;;;27 %;7 %;Stock;Ordinary Shares;Euronext Amsterdam;NL0013267909;55, Basic Materials;5520, Chemicals;552010, Chemicals;55201020, Specialty Chemicals
ARCELORMITTAL SA;EUR;20.050B;;;;;;3,373.201 Ton / Million (USD);;;Stock;Ordinary Shares;Euronext Amsterdam;LU1598757687;55, Basic Materials;5510, Basic Resources;551020, Industrial Metals and Mining;55102010, Iron and Steel
ASM International N.V.;EUR;28.678B;;;;;; Ton / Million (EUR);17 %;6.2 %;Stock;Ordinary Shares;Euronext Amsterdam;NL0000334118;10, Technology;1010, Technology;101020, Technology Hardware and Equipment;10102020, Production Technology Equipment
ASML HOLDING;EUR;340.606B;;;;;;53.8487 Ton / Million (EUR);20 %;;Stock;Ordinary Shares;Euronext Amsterdam;NL0010273215;10, Technology;1010, Technology;101020, Technology Hardware and Equipment;10102020, Production Technology Equipment
ASR NEDERLAND;EUR;9.499B;;;;;;;;;Stock;Ordinary Shares;Euronext Amsterdam;NL0011872643;30, Financials;3030, Insurance;303020, Non-life Insurance;30302010, Full Line Insurance
BE Semiconductor Industries N.V.;EUR;11.551B;;;;;15.2;1.31 Ton / Million (EUR);17 %;;Stock;Ordinary Shares;Euronext Amsterdam;NL0012866412;10, Technology;1010, Technology;101020, Technology Hardware and Equipment;10102010, Semiconductors
DSM FIRMENICH AG;EUR;26.993B;;;;;;;37 %;3.6 %;Stock;Ordinary Shares;Euronext Amsterdam;CH1216478797;45, Consumer Staples;4510, Food, Beverage and Tobacco;451020, Food Producers;45102020, Food Products
EXOR;EUR;22.275B;;;;;;0.0282 Ton / Million (EUR);50 %;;Stock;Ordinary Shares;Euronext Amsterdam;NL0012059018;30, Financials;3020, Financial Services;302020, Investment Banking and Brokerage Services;30202000, Diversified Financial Services
HEINEKEN;EUR;50.204B;;;;;;210.222 Ton / Million (EUR);24 %;;Stock;Ordinary Shares;Euronext Amsterdam;NL0000009165;45, Consumer Staples;4510, Food, Beverage and Tobacco;451010, Beverages;45101010, Brewers
IMCD;EUR;8.711B;;;;;;36.32 Ton / Million (EUR);54 %;;Stock;Ordinary Shares;Euronext Amsterdam;NL0010801007;55, Basic Materials;5520, Chemicals;552010, Chemicals;55201020, Specialty Chemicals
ING GROEP N.V.;EUR;49.306B;;;;;;; %;;Stock;Ordinary Shares;Euronext Amsterdam;NL0011821202;30, Financials;3010, Banks;301010, Banks;30101010, Banks
KPN KON;EUR;13.334B;;;;;;45.2565 Ton / Million (EUR);22.1 %;;Stock;Ordinary Shares;Euronext Amsterdam;NL0000009082;15, Telecommunications;1510, Telecommunications;151020, Telecommunications Service Providers;15102015, Telecommunications Services
NN GROUP;EUR;12.036B;;;;;;0.37 Ton / Million (EUR);50 %;;Stock;Ordinary Shares;Euronext Amsterdam;NL0010773842;30, Financials;3030, Insurance;303010, Life Insurance;30301010, Life Insurance
KON.PHILIPS N.V.;EUR;17.302B;;;;;;;;;Stock;Ordinary Shares;Euronext Amsterdam;NL0000009538;20, Health Care;2010, Health Care;201020, Medical Equipment and Services;20102010, Medical Equipment
PROSUS;EUR;73.392B;;;;;;0.2568 Ton / Million (USD);42.9 %;;Stock;Ordinary Shares;Euronext Amsterdam;NL0013654783;10, Technology;1010, Technology;101010, Software and Computer Services;10101020, Consumer Digital Services
Randstad N.V.;EUR;8.519B;;;;;;20.2815 Ton / Million (EUR);67 %;;Stock;Ordinary Shares;Euronext Amsterdam;NL0000379121;50, Industrials;5020, Industrial Goods and Services;502050, Industrial Support Services;50205025, Business Training and Employment Agencies
RELX;EUR;74.032B;;;;;;0.8505 Ton / Million (GBP);50 %;8.4 %;Stock;Ordinary Shares;Euronext Amsterdam;GB00B2B0DG97;40, Consumer Discretionary;4030, Media;403010, Media;40301030, Publishing
SHELL PLC;EUR;218.753B;;;;;;4,267.5616 Ton / Million (USD);33 %;5 %;Stock;Ordinary Shares;Euronext Amsterdam;GB00BP6MXD84;60, Energy;6010, Energy;601010, Oil, Gas and Coal;60101000, Integrated Oil and Gas
UNIVERSAL MUSIC GROUP;EUR;49.171B;;;;;;;;;Stock;Ordinary Shares;Euronext Amsterdam;NL0015000IY2;40, Consumer Discretionary;4030, Media;403010, Media;40301010, Entertainment
UNILEVER PLC;EUR;115.564B;;;;;;0 Million tons / Million (EUR);36 %;;Stock;Ordinary Shares;Euronext Amsterdam;GB00B10RZP78;45, Consumer Staples;4520, Personal Care, Drug and Grocery Stores;452010, Personal Care, Drug and Grocery Stores;45201020, Personal Products
WOLTERS KLUWER;EUR;35.078B;;;;;;;;;Stock;Ordinary Shares;Euronext Amsterdam;NL0000395903;40, Consumer Discretionary;4030, Media;403010, Media;40301030, Publishing
AB INBEV;EUR;96.797B;;;;;;142.249 Ton / Million (USD);22 %;;Stock;Ordinary Shares;Euronext Brussels;BE0974293251;45, Consumer Staples;4510, Food, Beverage and Tobacco;451010, Beverages;45101010, Brewers
ACKERMANS V.HAAREN;EUR;5.236B;;;;;7.9;0.03 Ton / Million (EUR);44.9 %;;Stock;Ordinary Shares;Euronext Brussels;BE0003764785;30, Financials;3020, Financial Services;302020, Investment Banking and Brokerage Services;30202000, Diversified Financial Services
AEDIFICA;EUR;2.727B;;;;;;8.7965 Ton / Million (EUR);37.19 %;;Stock;Ordinary Shares;Euronext Brussels;BE0003851681;35, Real Estate;3510, Real Estate;351020, Real Estate Investment Trusts;35102010, Health Care REITs
AGEAS;EUR;8.041B;;;;;;;;;Stock;Ordinary Shares;Euronext Brussels;BE0974264930;30, Financials;3030, Insurance;303010, Life Insurance;30301010, Life Insurance
ARGENX SE;EUR;20.207B;;;;;;;63 %;4.27 %;Stock;Ordinary Shares;Euronext Brussels;NL0010832176;20, Health Care;2010, Health Care;201030, Pharmaceuticals and Biotechnology;20103010, Biotechnology
COFINIMMO;EUR;2.281B;B;;AA;;11.2 (low risk);9 Ton / Million (EUR);53 %;;Stock;Ordinary Shares;Euronext Brussels;BE0003593044;35, Real Estate;3510, Real Estate;351020, Real Estate Investment Trusts;35102010, Health Care REITs
D'IETEREN GROUP;EUR;10.903B;;;;;11.3;7.9484 Ton / Million (EUR);50 %;;Stock;Ordinary Shares;Euronext Brussels;BE0974259880;40, Consumer Discretionary;4010, Automobiles and Parts;401010, Automobiles and Parts;40101010, Auto Services
ELIA GROUP;EUR;6.738B;;;;;;174.0501 Ton / Million (EUR);22.9 %;;Stock;Ordinary Shares;Euronext Brussels;BE0003822393;65, Utilities;6510, Utilities;651010, Electricity;65101015, Conventional Electricity
GALAPAGOS;EUR;1.804B;;;;;;16.59 Ton / Million (EUR);56 %;12 %;Stock;Ordinary Shares;Euronext Amsterdam;BE0003818359;20, Health Care;2010, Health Care;201030, Pharmaceuticals and Biotechnology;20103010, Biotechnology
GBL;EUR;10.086B;;;;;9.2;131,153.8842 Ton / Million (EUR);71 %;;Stock;Ordinary Shares;Euronext Brussels;BE0003797140;30, Financials;3020, Financial Services;302020, Investment Banking and Brokerage Services;30202000, Diversified Financial Services
KBC;EUR;28.644B;;;;;;;57 %;;Stock;Ordinary Shares;Euronext Brussels;BE0003565737;30, Financials;3010, Banks;301010, Banks;30101010, Banks
LOTUS BAKERIES;EUR;7.238B;;;;;;;51 %;;Stock;Ordinary Shares;Euronext Brussels;BE0003604155;45, Consumer Staples;4510, Food, Beverage and Tobacco;451020, Food Producers;45102020, Food Products
MELEXIS;EUR;2.941B;;;;;;;;;Stock;Ordinary Shares;Euronext Brussels;BE0165385973;10, Technology;1010, Technology;101020, Technology Hardware and Equipment;10102010, Semiconductors
SOFINA;EUR;7.234B;;;;;;;;;Stock;Ordinary Shares;Euronext Brussels;BE0003717312;30, Financials;3020, Financial Services;302020, Investment Banking and Brokerage Services;30202010, Asset Managers and Custodians
SOLVAY;EUR;3.155B;;;;;;2,649.5661 Ton / Million (EUR);24 %;;Stock;Ordinary Shares;Euronext Brussels;BE0003470755;55, Basic Materials;5520, Chemicals;552010, Chemicals;55201000, Chemicals: Diversified
SYENSQO;EUR;9.271B;;;;;;;;;Stock;Ordinary Shares;Euronext Brussels;BE0974464977;55, Basic Materials;5510, Basic Resources;551010, Industrial Materials;55101000, Diversified Materials
UCB;EUR;23.321B;;;;;;5.5253 Ton / Million (EUR);51.12 %;5.4 %;Stock;Ordinary Shares;Euronext Brussels;BE0003739530;20, Health Care;2010, Health Care;201030, Pharmaceuticals and Biotechnology;20103015, Pharmaceuticals
UMICORE;EUR;5.234B;;;;;;821.9888 Ton / Million (EUR);23.45 %;6.53 %;Stock;Ordinary Shares;Euronext Brussels;BE0974320526;55, Basic Materials;5520, Chemicals;552010, Chemicals;55201020, Specialty Chemicals
WAREHOUSES DE PAUW;EUR;5.433B;B;;;;;30.2201 Ton / Million (EUR);43 %;2 %;Stock;Ordinary Shares;Euronext Brussels;BE0974349814;35, Real Estate;3510, Real Estate;351020, Real Estate Investment Trusts;35102020, Industrial REITs
ALTRI SGPS;EUR;1.023B;A-;;;;;262.8806 Ton / Million (EUR);18 %;;Stock;Ordinary Shares;Euronext Lisbon;PTALT0AE0002;55, Basic Materials;5510, Basic Resources;551010, Industrial Materials;55101015, Paper
B.C.P.-BCO COMERCIAL PORTUGUES;;;;;;;;;55 %;;Stock;Ordinary Shares;Euronext Lisbon;PTBCP0AM0015;30, Financials;3010, Banks;301010, Banks;30101010, Banks
Corticeira Amorim-SGPS;EUR;1.286B;;;;;;167.8415 Ton / Million (EUR);26 %;;Stock;Ordinary Shares;Euronext Lisbon;PTCOR0AE0006;50, Industrials;5020, Industrial Goods and Services;502030, General Industrials;50203030, Containers and Packaging
CTT-CORREIOS DE PORTUGAL, SA;EUR;640.422M;;;;;;19.34 Ton / Million (EUR);39 %;;Stock;Ordinary Shares;Euronext Lisbon;PTCTT0AM0001;50, Industrials;5020, Industrial Goods and Services;502060, Industrial Transportation;50206040, Delivery Services
EDP;EUR;15.033B;;;;;19.4 (Low risk);281.88 Ton / Million (EUR);29 %;5.8 %;Stock;Ordinary Shares;Euronext Lisbon;PTEDP0AM0009;65, Utilities;6510, Utilities;651010, Electricity;65101010, Alternative Electricity
EDP RENOVAVEIS;EUR;13.097B;;;;;16.2 (Low Risk);85.89 Ton / Million (EUR);34 %;14.2 %;Stock;Ordinary Shares;Euronext Lisbon;ES0127797019;65, Utilities;6510, Utilities;651010, Electricity;65101010, Alternative Electricity
GALP ENERGIA-NOM;EUR;11.515B;;;;;;;45 %;;Stock;Ordinary Shares;Euronext Lisbon;PTGAL0AM0009;60, Energy;6010, Energy;601010, Oil, Gas and Coal;60101000, Integrated Oil and Gas
GREENVOLT ENERGIAS RENOVAVEIS S.A.;EUR;1.155B;;;;;;31.2345 Ton / Million (EUR);40 %;;Stock;Ordinary Shares;Euronext Lisbon;PTGNV0AM0001;65, Utilities;6510, Utilities;651010, Electricity;65101010, Alternative Electricity
Ibersol-SGPS;EUR;295.670M;;;;;;29.6425 Ton / Million (EUR);53 %;;Stock;Ordinary Shares;Euronext Lisbon;PTIBS0AM0008;40, Consumer Discretionary;4050, Travel and Leisure;405010, Travel and Leisure;40501040, Restaurants and Bars
J.MARTINS,SGPS;EUR;11.151B;;;;;;1,650.7916 Ton / Million (EUR);75.96 %;;Stock;Ordinary Shares;Euronext Lisbon;PTJMT0AE0001;45, Consumer Staples;4520, Personal Care, Drug and Grocery Stores;452010, Personal Care, Drug and Grocery Stores;45201010, Food Retailers and Wholesalers
MOTA ENGIL;EUR;1.301B;;;;;;1,311.76 Ton / Million (EUR);14 %;;Stock;Ordinary Shares;Euronext Lisbon;PTMEN0AE0005;50, Industrials;5010, Construction and Materials;501010, Construction and Materials;50101010, Construction
NOS, SGPS, SA;EUR;1.849B;;;;;;0.13 Ton / Thousand (EUR);40.88 %;;Stock;Ordinary Shares;Euronext Lisbon;PTZON0AM0006;15, Telecommunications;1510, Telecommunications;151020, Telecommunications Service Providers;15102015, Telecommunications Services
REN;EUR;1.468B;;;;;;61.9923 Ton / Million (EUR);25.3 %;;Stock;Ordinary Shares;Euronext Lisbon;PTREL0AM0008;65, Utilities;6510, Utilities;651010, Electricity;65101015, Conventional Electricity
SEMAPA;EUR;1.224B;;;;;;;15.9 %;;Stock;Ordinary Shares;Euronext Lisbon;PTSEM0AM0004;55, Basic Materials;5510, Basic Resources;551010, Industrial Materials;55101015, Paper
SONAE;EUR;1.746B;;;;;19;1,096.1479 Ton / Million (EUR);66 %;25 %;Stock;Ordinary Shares;Euronext Lisbon;PTSON0AM0001;45, Consumer Staples;4520, Personal Care, Drug and Grocery Stores;452010, Personal Care, Drug and Grocery Stores;45201010, Food Retailers and Wholesalers
THE NAVIGATOR COMP;EUR;2.809B;;;;;;776.9302 Ton / Million (EUR);17.05 %;;Stock;Ordinary Shares;Euronext Lisbon;PTPTI0AM0006;55, Basic Materials;5510, Basic Resources;551010, Industrial Materials;55101015, Paper
AIB GROUP PLC;EUR;13.041B;;;;;;;;;Stock;Ordinary Shares;Euronext Dublin;IE00BF0L3536;30, Financials;3010, Banks;301010, Banks;30101010, Banks
BANK OF IRELAND GROUP PLC;EUR;10.145B;;;;;;; %;;Stock;Ordinary Shares;Euronext Dublin;IE00BD1RP616;30, Financials;3010, Banks;301010, Banks;30101010, Banks
CAIRN HOMES PLC;EUR;1.053B;;;;;;;25 %;;Stock;Ordinary Shares;Euronext Dublin;IE00BWY4ZF18;40, Consumer Discretionary;4020, Consumer Products and Services;402020, Household Goods and Home Construction;40202010, Home Construction
CORRE ENERGY B.V.;EUR;60.863M;;;;;;;;;Stock;Ordinary Shares;Euronext Growth Dublin;NL0015000DY3;60, Energy;6010, Energy;601020, Alternative Energy;60102020, Renewable Energy Equipment
CRH PLC;EUR;50.000K;;;;;;;;;Stock;Preferred Shares;Euronext Growth Dublin;IE0001827264;50, Industrials;5010, Construction and Materials;501010, Construction and Materials;50101030, Cement
DALATA HOTEL GROUP PLC;EUR;932.930M;;;;;22.0;63.1643 Ton / Million (EUR); %;;Stock;Ordinary Shares;Euronext Dublin;IE00BJMZDW83;40, Consumer Discretionary;4050, Travel and Leisure;405010, Travel and Leisure;40501025, Hotels and Motels
DATALEX PLC;EUR;63.689M;;;;;;;27.11 %;;Stock;Ordinary Shares;Euronext Growth Dublin;IE0000527006;10, Technology;1010, Technology;101010, Software and Computer Services;10101015, Software
DONEGAL INVESTMENT GROUP PLC;EUR;25.070M;;;;;;;;;Stock;Ordinary Shares;Euronext Growth Dublin;IE000TIRQBE1;45, Consumer Staples;4510, Food, Beverage and Tobacco;451020, Food Producers;45102010, Farming, Fishing, Ranching and Plantations
FBD HOLDINGS PLC;EUR;563.762M;;;;;;76.78 Ton / Million (EUR);61 %;;Stock;Ordinary Shares;Euronext Dublin;IE0003290289;30, Financials;3030, Insurance;303020, Non-life Insurance;30302010, Full Line Insurance
FD TECHNOLOGIES PLC;EUR;418.663M;;;;;;;30 %;;Stock;Ordinary Shares;Euronext Growth Dublin;GB0031477770;10, Technology;1010, Technology;101010, Software and Computer Services;10101010, Computer Services
GLANBIA PLC;EUR;4.624B;;;;;;;27 %;;Stock;Ordinary Shares;Euronext Dublin;IE0000669501;45, Consumer Staples;4510, Food, Beverage and Tobacco;451020, Food Producers;45102020, Food Products
GLENVEAGH PROPERTIES PLC;EUR;736.594M;;;;;;0.36 Ton / Thousand (EUR);30 %;;Stock;Ordinary Shares;Euronext Dublin;IE00BD6JX574;40, Consumer Discretionary;4020, Consumer Products and Services;402020, Household Goods and Home Construction;40202010, Home Construction
GREAT WESTERN MINING CORPORATION PLC;EUR;3.548M;;;;;;;;;Stock;Ordinary Shares;Euronext Growth Dublin;IE00B1FR8863;55, Basic Materials;5510, Basic Resources;551020, Industrial Metals and Mining;55102000, General Mining
GREENCOAT RENEWABLES PLC;EUR;949.511M;;;;;;;;;Stock;Ordinary Shares;Euronext Growth Dublin;IE00BF2NR112;65, Utilities;6510, Utilities;651010, Electricity;65101010, Alternative Electricity
IRISH CONTINENTAL GROUP PLC;EUR;829.104M;;;;;;;39 %;;Stock;Units;Euronext Dublin;IE00BLP58571;50, Industrials;5020, Industrial Goods and Services;502060, Industrial Transportation;50206030, Marine Transportation
IRISH RESIDENTIAL PROPERTIES REIT PLC;EUR;518.458M;;;;;;;49 %;;Stock;Ordinary Shares;Euronext Dublin;IE00BJ34P519;35, Real Estate;3510, Real Estate;351020, Real Estate Investment Trusts;35102040, Residential REITs
KENMARE RESOURCES PLC;EUR;358.697M;;;;;;366.86 Ton / Million (USD);16 %;;Stock;Ordinary Shares;Euronext Dublin;IE00BDC5DG00;55, Basic Materials;5510, Basic Resources;551020, Industrial Metals and Mining;55102000, General Mining
KERRY GROUP PLC;EUR;13.733B;;;;;;;32.6 %;;Stock;Ordinary Shares;Euronext Dublin;IE0004906560;45, Consumer Staples;4510, Food, Beverage and Tobacco;451020, Food Producers;45102020, Food Products
KINGSPAN GROUP PLC;EUR;14.825B;A;;;;18.2;662.0541 Ton / Million (EUR);21 %;;Stock;Ordinary Shares;Euronext Dublin;IE0004927939;50, Industrials;5010, Construction and Materials;501010, Construction and Materials;50101035, Building Materials: Other
MALIN CORPORATION PLC;EUR;105.312M;;;;;;;;;Stock;Ordinary Shares;Euronext Growth Dublin;IE00BVGC3741;20, Health Care;2010, Health Care;201030, Pharmaceuticals and Biotechnology;20103015, Pharmaceuticals
MINCON GROUP PLC;EUR;104.111M;;;;;;;;;Stock;Ordinary Shares;Euronext Growth Dublin;IE00BD64C665;50, Industrials;5020, Industrial Goods and Services;502040, Industrial Engineering;50204000, Machinery: Industrial
ORIGIN ENTERPRISES PLC;EUR;346.896M;B;;;;Low Risk;56,791.5952 Ton / Million (EUR);27 %;;Stock;Ordinary Shares;Euronext Growth Dublin;IE00B1WV4493;45, Consumer Staples;4510, Food, Beverage and Tobacco;451020, Food Producers;45102010, Farming, Fishing, Ranching and Plantations
OVOCA BIO PLC;EUR;574.982K;;;;;;;;;Stock;Ordinary Shares;Euronext Growth Dublin;IE00B4XVDC01;20, Health Care;2010, Health Care;201030, Pharmaceuticals and Biotechnology;20103010, Biotechnology
PERMANENT TSB GROUP HOLDINGS PLC;EUR;829.295M;;;;;;;;;Stock;Ordinary Shares;Euronext Dublin;IE00BWB8X525;30, Financials;3010, Banks;301010, Banks;30101010, Banks
RYANAIR HOLDINGS PLC;EUR;23.086B;;;;;23.4;824.8105 Ton / Million (EUR);42 %;;Stock;Ordinary Shares;Euronext Dublin;IE00BYTBXV33;40, Consumer Discretionary;4050, Travel and Leisure;405010, Travel and Leisure;40501010, Airlines
SMURFIT KAPPA GROUP PLC;EUR;10.553B;;;;;;;;;Stock;Ordinary Shares;Euronext Dublin;IE00B1RR8406;50, Industrials;5020, Industrial Goods and Services;502030, General Industrials;50203030, Containers and Packaging
UNIPHAR PLC;EUR;709.840M;;;;;;;;;Stock;Ordinary Shares;Euronext Growth Dublin;IE00BJ5FQX74;45, Consumer Staples;4520, Personal Care, Drug and Grocery Stores;452010, Personal Care, Drug and Grocery Stores;45201015, Drug Retailers
AKER BP;NOK;181.074B;A-;;;;34.7;2,572.4275 Ton / Million (USD);;;Stock;Ordinary Shares;Oslo Børs;NO0010345853;60, Energy;6010, Energy;601010, Oil, Gas and Coal;60101010, Oil: Crude Producers
BW LPG;NOK;20.230B;C;;;;Low Risk;;40 %;12 %;Stock;Ordinary Shares;Oslo Børs;BMG173841013;50, Industrials;5020, Industrial Goods and Services;502060, Industrial Transportation;50206030, Marine Transportation
DNB BANK ASA;NOK;327.497B;;;;;;;46.2 %;;Stock;Ordinary Shares;Oslo Børs;NO0010161896;30, Financials;3010, Banks;301010, Banks;30101010, Banks
EQUINOR;NOK;906.187B;;;;;;2,061.02 Ton / Million (USD);32 %;;Stock;Ordinary Shares;Oslo Børs;NO0010096985;60, Energy;6010, Energy;601010, Oil, Gas and Coal;60101000, Integrated Oil and Gas
FRONTLINE PLC;NOK;59.997B;;;;;;;26.32 %;;Stock;Ordinary Shares;Oslo Børs;CY0200352116;50, Industrials;5020, Industrial Goods and Services;502060, Industrial Transportation;50206030, Marine Transportation
GOLDEN OCEAN GROUP;NOK;29.340B;;;;;;622.17 Ton / Million (USD);34.2 %;;Stock;Ordinary Shares;Oslo Børs;BMG396372051;50, Industrials;5020, Industrial Goods and Services;502060, Industrial Transportation;50206030, Marine Transportation
HAFNIA LIMITED;NOK;42.453B;;;;;;;5.36 %;;Stock;Ordinary Shares;Oslo Børs;BMG4233B1090;50, Industrials;5020, Industrial Goods and Services;502060, Industrial Transportation;50206030, Marine Transportation
HOEGH AUTOLINERS ASA;NOK;18.505B;;;;;;776.2357 Ton / Million (USD);46 %;7.85 %;Stock;Ordinary Shares;Oslo Børs;NO0011082075;50, Industrials;5020, Industrial Goods and Services;502060, Industrial Transportation;50206030, Marine Transportation
KONGSBERG GRUPPEN;NOK;134.492B;;;;;;206.86 Ton / Million (NOK);21.6 %;5.3 %;Stock;Ordinary Shares;Oslo Børs;NO0003043309;50, Industrials;5020, Industrial Goods and Services;502030, General Industrials;50203000, Diversified Industrials
MOWI;NOK;96.467B;;;;;;210.91 Ton / Million (EUR);40 %;;Stock;Ordinary Shares;Oslo Børs;NO0003054108;45, Consumer Staples;4510, Food, Beverage and Tobacco;451020, Food Producers;45102010, Farming, Fishing, Ranching and Plantations
MPC CONTAINER SHIPS;NOK;5.930B;;;;;;2,637.81 Ton / Million (USD);36.4 %;;Stock;Ordinary Shares;Oslo Børs;NO0010791353;50, Industrials;5020, Industrial Goods and Services;502060, Industrial Transportation;50206030, Marine Transportation
NEL;NOK;7.772B;;;;;;1.5834 Ton / Million (NOK);20.5 %;;Stock;Ordinary Shares;Oslo Børs;NO0010081235;60, Energy;6010, Energy;601020, Alternative Energy;60102020, Renewable Energy Equipment
NORDIC SEMICONDUCTOR;NOK;17.582B;;;;;;28.36 Ton / Million (USD);17.1 %;;Stock;Ordinary Shares;Oslo Børs;NO0003055501;10, Technology;1010, Technology;101020, Technology Hardware and Equipment;10102010, Semiconductors
NORSK HYDRO;NOK;145.620B;;;;;17,8 (low risk);117.16 Ton / Million (NOK); %;;Stock;Ordinary Shares;Oslo Børs;NO0005052605;55, Basic Materials;5510, Basic Resources;551020, Industrial Metals and Mining;55102035, Aluminum
NORWEGIAN AIR SHUTTLE;NOK;16.010B;B-;;;;;0.12 Ton / Thousand (NOK);43 %;;Stock;Ordinary Shares;Oslo Børs;NO0010196140;40, Consumer Discretionary;4050, Travel and Leisure;405010, Travel and Leisure;40501010, Airlines
ORKLA;NOK;79.163B;;;;;;32.57 Ton / Million (NOK);46.5 %;;Stock;Ordinary Shares;Oslo Børs;NO0003733800;45, Consumer Staples;4510, Food, Beverage and Tobacco;451020, Food Producers;45102020, Food Products
PGS;NOK;8.397B;;;;;;0 Kiloton / Thousand (USD);30 %;;Stock;Ordinary Shares;Oslo Børs;NO0010199151;60, Energy;6010, Energy;601010, Oil, Gas and Coal;60101030, Oil Equipment and Services
SALMAR;NOK;86.948B;;;;;;14.3287 Ton / Million (NOK);28 %;;Stock;Ordinary Shares;Oslo Børs;NO0010310956;45, Consumer Staples;4510, Food, Beverage and Tobacco;451020, Food Producers;45102010, Farming, Fishing, Ranching and Plantations
STOREBRAND;NOK;44.222B;;;;;;0.0074 Ton / Million (NOK);46 %;;Stock;Ordinary Shares;Oslo Børs;NO0003053605;30, Financials;3030, Insurance;303010, Life Insurance;30301010, Life Insurance
SUBSEA 7;NOK;54.164B;;;;;;152.0874 Ton / Million (USD);17 %;8.2 %;Stock;Ordinary Shares;Oslo Børs;LU0075646355;60, Energy;6010, Energy;601010, Oil, Gas and Coal;60101030, Oil Equipment and Services
TELENOR;NOK;168.495B;;;;;;0.01 Kiloton / Million (NOK);38 %;;Stock;Ordinary Shares;Oslo Børs;NO0010063308;15, Telecommunications;1510, Telecommunications;151020, Telecommunications Service Providers;15102015, Telecommunications Services
TGS ASA;NOK;17.388B;;;;;;0.07 Ton / Thousand (USD);54.55 %;;Stock;Ordinary Shares;Oslo Børs;NO0003078800;60, Energy;6010, Energy;601010, Oil, Gas and Coal;60101030, Oil Equipment and Services
TOMRA SYSTEMS;NOK;43.577B;;;;;;29.57 Ton / Million (NOK);23 %;;Stock;Ordinary Shares;Oslo Børs;NO0012470089;50, Industrials;5020, Industrial Goods and Services;502040, Industrial Engineering;50204000, Machinery: Industrial
VÅR ENERGI ASA;NOK;93.565B;;;;;;735.2741 Ton / Million (USD);25.47 %;;Stock;Ordinary Shares;Oslo Børs;NO0011202772;60, Energy;6010, Energy;601010, Oil, Gas and Coal;60101015, Offshore Drilling and Other Services
YARA INTERNATIONAL;NOK;83.550B;;;;;;;;;Stock;Ordinary Shares;Oslo Børs;NO0010208051;55, Basic Materials;5520, Chemicals;552010, Chemicals;55201015, Fertilizers
A2A;EUR;5.295B;;;;;;990.9946 Ton / Million (EUR);19 %;8.9 %;Stock;Ordinary Shares;Euronext Milan;IT0001233417;65, Utilities;6510, Utilities;651010, Electricity;65101015, Conventional Electricity
AMPLIFON;EUR;6.980B;;;;;;17.13 Ton / Million (EUR);73.3 %;;Stock;Ordinary Shares;Euronext Milan;IT0004056880;20, Health Care;2010, Health Care;201020, Medical Equipment and Services;20102015, Medical Supplies
AZIMUT;EUR;3.457B;;;;;;;46 %;;Stock;Ordinary Shares;Euronext Milan;IT0003261697;30, Financials;3020, Financial Services;302020, Investment Banking and Brokerage Services;30202010, Asset Managers and Custodians
BANCA GENERALI;EUR;4.069B;;;;;;;49 %;;Stock;Ordinary Shares;Euronext Milan;IT0001031084;30, Financials;3010, Banks;301010, Banks;30101010, Banks
BANCA MEDIOLANUM;EUR;7.443B;;;;;;;49.5 %;;Stock;Ordinary Shares;Euronext Milan;IT0004776628;30, Financials;3020, Financial Services;302020, Investment Banking and Brokerage Services;30202000, Diversified Financial Services
BANCO BPM;EUR;9.470B;;;;;;;46.1 %;;Stock;Ordinary Shares;Euronext Milan;IT0005218380;30, Financials;3010, Banks;301010, Banks;30101010, Banks
BPER BANCA;EUR;6.129B;;;;;;;47 %;1.07 %;Stock;Ordinary Shares;Euronext Milan;IT0000066123;30, Financials;3010, Banks;301010, Banks;30101010, Banks
BUZZI;EUR;6.596B;;;;;;;14.2 %;;Stock;Ordinary Shares;Euronext Milan;IT0001347308;50, Industrials;5010, Construction and Materials;501010, Construction and Materials;50101030, Cement
;;;;;;;;;;;;;;;;;;
CNH INDUSTRIAL;EUR;14.736B;;;;;;;10.6 %;;Stock;Ordinary Shares;Euronext Global Equity Market;NL0010545661;50, Industrials;5020, Industrial Goods and Services;502040, Industrial Engineering;50204010, Machinery: Agricultural
DIASORIN;EUR;5.067B;;;;;;;43 %;;Stock;Ordinary Shares;Euronext Milan;IT0003492391;20, Health Care;2010, Health Care;201020, Medical Equipment and Services;20102010, Medical Equipment
ENEL;EUR;58.824B;;;;;;0.0009 Million tons / Million (EUR);23.4 %;;Stock;Ordinary Shares;Euronext Milan;IT0003128367;65, Utilities;6510, Utilities;651010, Electricity;65101015, Conventional Electricity
ENI;EUR;50.351B;Water Security, 2023;;;;;2,547.3534 Ton / Million (EUR);26.86 %;2.68 %;Stock;Ordinary Shares;Euronext Milan;IT0003132476;60, Energy;6010, Energy;601010, Oil, Gas and Coal;60101000, Integrated Oil and Gas
ERG;EUR;3.641B;;;;;14.1 Low Risk;26.68 Ton / Million (EUR);31 %;5.4 %;Stock;Ordinary Shares;Euronext Milan;IT0001157020;65, Utilities;6510, Utilities;651010, Electricity;65101010, Alternative Electricity
;;;;;;;;;;;;;;;;;;
FINECOBANK;EUR;8.429B;;;;;;;;;Stock;Ordinary Shares;Euronext Milan;IT0000072170;30, Financials;3010, Banks;301010, Banks;30101010, Banks
GENERALI ASS;;;;;;;;1.73 Ton / Million (EUR);51.1 %;;Stock;Ordinary Shares;Euronext Milan;IT0000062072;30, Financials;3030, Insurance;303020, Non-life Insurance;30302010, Full Line Insurance
HERA;EUR;4.665B;;;;;;1,264.5281 Ton / Million (EUR);27.64 %;2.42 %;Stock;Ordinary Shares;Euronext Milan;IT0001250932;65, Utilities;6510, Utilities;651020, Gas, Water and Multi-utilities;65102000, Multi-utilities
INTERPUMP GROUP;EUR;4.475B;;;;;;;19.2 %;;Stock;Ordinary Shares;Euronext Milan;IT0001078911;50, Industrials;5020, Industrial Goods and Services;502040, Industrial Engineering;50204000, Machinery: Industrial
INTESA SANPAOLO;EUR;60.315B;A;;;;12.2;;53.7 %;2.8 %;Stock;Ordinary Shares;Euronext Milan;IT0000072618;30, Financials;3010, Banks;301010, Banks;30101010, Banks
INWIT;EUR;9.415B;;;;;;18.7958 Ton / Million (EUR);38 %;;Stock;Ordinary Shares;Euronext Milan;IT0005090300;15, Telecommunications;1510, Telecommunications;151020, Telecommunications Service Providers;15102015, Telecommunications Services
ITALGAS;EUR;4.053B;;;;;;26.7793 Ton / Million (EUR);17.76 %;2.1 %;Stock;Ordinary Shares;Euronext Milan;IT0005211237;65, Utilities;6510, Utilities;651020, Gas, Water and Multi-utilities;65102020, Gas Distribution
IVECO GROUP;EUR;3.405B;;;;;;8,110.5393 Ton / Million (EUR);18.4 %;2.9 %;Stock;Ordinary Shares;Euronext Milan;NL0015000LU4;50, Industrials;5020, Industrial Goods and Services;502060, Industrial Transportation;50206015, Commercial Vehicles and Parts
LEONARDO;EUR;12.887B;;;;;;434.48 Ton / Million (EUR);19.6 %;4.4 %;Stock;Ordinary Shares;Euronext Milan;IT0003856405;50, Industrials;5020, Industrial Goods and Services;502010, Aerospace and Defense;50201020, Defense
MEDIOBANCA;EUR;11.428B;C;;;;15.7/40;;42.05 %;;Stock;Ordinary Shares;Euronext Milan;IT0000062957;30, Financials;3020, Financial Services;302020, Investment Banking and Brokerage Services;30202000, Diversified Financial Services
MONCLER;EUR;18.154B;A-;;;;Top-Rated Badge;18.2543 Ton / Million (EUR);68.8 %;13.4 %;Stock;Ordinary Shares;Euronext Milan;IT0004965148;40, Consumer Discretionary;4020, Consumer Products and Services;402040, Personal Goods;40204020, Clothing and Accessories
NEXI;EUR;7.079B;;;;;;;42 %;;Stock;Ordinary Shares;Euronext Milan;IT0005366767;50, Industrials;5020, Industrial Goods and Services;502050, Industrial Support Services;50205015, Transaction Processing Services
PIRELLI & C;;;;;;;;362.67 Ton / Million (EUR);15.6 %;6.5 %;Stock;Ordinary Shares;Euronext Milan;IT0005278236;40, Consumer Discretionary;4010, Automobiles and Parts;401010, Automobiles and Parts;40101015, Tires
POSTE ITALIANE;EUR;15.001B;A-;;;;;3.6046 Ton / Million (EUR);53.1 %;5.5 %;Stock;Ordinary Shares;Euronext Milan;IT0003796171;30, Financials;3030, Insurance;303010, Life Insurance;30301010, Life Insurance
PRYSMIAN;EUR;13.462B;A-;;;;low risk;18,269.58 Ton / Million (EUR);20.5 %;;Stock;Ordinary Shares;Euronext Milan;IT0004176001;50, Industrials;5020, Industrial Goods and Services;502020, Electronic and Electrical Equipment;50202010, Electrical Components
RECORDATI ORD;EUR;10.235B;B;3.9;;;;;48 %;;Stock;Ordinary Shares;Euronext Milan;IT0003828271;20, Health Care;2010, Health Care;201030, Pharmaceuticals and Biotechnology;20103015, Pharmaceuticals
;;;;;;;;;;;;;;;;;;
SNAM;EUR;14.190B;A List;score of 3.8;;;rating of 14.1;98.6156 Ton / Million (EUR);16.53 %;3.8 %;Stock;Ordinary Shares;Euronext Milan;IT0003153415;60, Energy;6010, Energy;601010, Oil, Gas and Coal;60101035, Pipelines
STELLANTIS;EUR;76.819B;;;;;;6,409.5742 Ton / Million (EUR); %; %;Stock;Ordinary Shares;Euronext Milan;NL00150001Q9;40, Consumer Discretionary;4010, Automobiles and Parts;401010, Automobiles and Parts;40101020, Automobiles
STMICROELECTRONICS;EUR;34.661B;;;;;;27.9849 Ton / Million (USD); %; %;Stock;Ordinary Shares;Euronext Milan;NL0000226223;10, Technology;1010, Technology;101020, Technology Hardware and Equipment;10102010, Semiconductors
TELECOM ITALIA;EUR;3.420B;;;;;;124.89 Ton / Million (EUR);38 %;;Stock;Ordinary Shares;Euronext Milan;IT0003497168;15, Telecommunications;1510, Telecommunications;151020, Telecommunications Service Providers;15102015, Telecommunications Services
;;;;;;;;;;;;;;;;;;
TERNA;EUR;14.609B;;;;;;132.1212 Ton / Million (EUR);16.08 %;1.8 %;Stock;Ordinary Shares;Euronext Milan;IT0003242622;65, Utilities;6510, Utilities;651010, Electricity;65101015, Conventional Electricity
;;;;;;;;;;;;;;;;;;
UNIPOL;EUR;5.740B;;;;;;476.3635 Ton / Million (EUR);54.3 %;2.7 %;Stock;Ordinary Shares;Euronext Milan;IT0004810054;30, Financials;3030, Insurance;303020, Non-life Insurance;30302010, Full Line Insurance
